name,description,n,trials,resize
selfLoops_2,,2,1000,True
,class,start_nodes,weights
0,5,[0.35103762 0.51458663],"[[ 0.53497555 -0.56136158]
 [ 0.76336558  0.19898337]]"
1,1,[0.93738931 0.5812569 ],"[[0.80466347 0.60942769]
 [0.89737174 0.91914907]]"
2,3,[0.57547297 0.30288424],"[[ 0.62746308 -0.92530341]
 [ 0.93067194  0.17699178]]"
3,1,[0.59424448 0.31853576],"[[ 0.38014538 -0.7505276 ]
 [-0.41131178  0.16597196]]"
4,1,[0.30473813 0.76173438],"[[0.38681178 0.46727433]
 [0.58438053 0.56803713]]"
5,1,[0.7824566  0.39359564],"[[ 0.6098065  -0.39778479]
 [ 0.45760087 -0.9621313 ]]"
6,1,[0.67568608 0.26401412],"[[-0.59946652  0.95379162]
 [-0.33787505  0.49549267]]"
7,5,[0.63180123 0.15639219],"[[ 0.0103342   0.45334402]
 [-0.80657979  0.02776927]]"
8,2,[0.30983482 0.0571735 ],"[[ 0.55159217 -0.0226845 ]
 [-0.28903245 -0.4487704 ]]"
9,1,[0.85776312 0.97768072],"[[0.2929165  0.48129847]
 [0.2116671  0.59137163]]"
10,13,[0.23120401 0.30095619],"[[ 0.40612184 -0.38401751]
 [ 0.64363452  0.09649416]]"
11,1,[0.47722399 0.29298448],"[[-0.15229941  0.82356172]
 [-0.46047204  0.89316589]]"
12,1,[0.37968967 0.60150075],"[[ 0.08339478  0.62307412]
 [-0.87976712 -0.85100269]]"
13,1,[0.47613153 0.82886637],"[[ 0.33430428  0.08614848]
 [-0.01795208  0.21474068]]"
14,1,[0.53738598 0.04887035],"[[-0.7890309   0.11105885]
 [-0.63647096 -0.64617999]]"
15,1,[0.93654611 0.05123927],"[[ 0.15548962 -0.49072783]
 [-0.16108927  0.08189602]]"
16,8,[0.62362326 0.32731702],"[[-0.9952524   0.91069056]
 [-0.95987626 -0.60039015]]"
17,1,[0.44050381 0.66123337],"[[ 0.9985253   0.87331276]
 [-0.09044407 -0.94891133]]"
18,4,[0.96712801 0.21005887],"[[ 0.00619757  0.53795522]
 [-0.95027052 -0.41668188]]"
19,1,[0.2903409  0.60619628],"[[-0.0144235   0.89952641]
 [-0.56106976  0.99627443]]"
20,1,[0.37378285 0.47867024],"[[-0.90274782 -0.29994849]
 [ 0.63310391  0.31007743]]"
21,1,[0.54654488 0.51478432],"[[ 0.70655465  0.36131039]
 [ 0.74473146 -0.66792173]]"
22,16,[0.62565957 0.03892548],"[[ 0.17335206 -0.63496211]
 [ 0.54658058 -0.69057704]]"
23,16,[0.14627434 0.13573432],"[[ 0.75572469 -0.6322495 ]
 [ 0.32791401 -0.06714249]]"
24,1,[0.54938604 0.39854512],"[[-0.77644247 -0.61572091]
 [ 0.19721247 -0.00596618]]"
25,1,[0.76690884 0.55370506],"[[ 0.07233475 -0.81661824]
 [ 0.01311003  0.21749684]]"
26,1,[0.34571628 0.87858803],"[[ 0.17054332 -0.34393801]
 [ 0.41796425  0.97445539]]"
27,1,[0.66715857 0.62075644],"[[-0.16027571  0.72378062]
 [-0.56488571  0.94745533]]"
28,1,[0.25101857 0.41727253],"[[ 0.34763062 -0.21452329]
 [ 0.08385241  0.41662296]]"
29,1,[0.84641958 0.97757628],"[[0.45596927 0.43384441]
 [0.56213222 0.47284576]]"
30,1,[0.95918404 0.17535741],"[[-0.11669142 -0.61410252]
 [-0.52129446 -0.16775571]]"
31,1,[0.11326442 0.74119582],"[[ 0.27719665  0.05285177]
 [ 0.04851274 -0.47027184]]"
32,1,[0.51840567 0.25518527],"[[0.32185613 0.37104044]
 [0.15741363 0.47849946]]"
33,1,[0.35464299 0.12769134],"[[0.43442051 0.41599848]
 [0.44607313 0.60080833]]"
34,1,[0.15085909 0.23023184],"[[-0.47089877 -0.66306222]
 [ 0.36156479 -0.01862464]]"
35,1,[0.39723179 0.55721008],"[[ 0.01839547  0.87325372]
 [-0.17447255  0.13705302]]"
36,1,[0.69627823 0.88192942],"[[-0.97657125  0.14142314]
 [ 0.29840808 -0.70662545]]"
37,1,[0.35811975 0.46691199],"[[-0.44605697  0.94624378]
 [ 0.26984134  0.7921252 ]]"
38,1,[0.88971274 0.07200356],"[[ 0.38023003  0.53973501]
 [ 0.35393457 -0.87263015]]"
39,1,[0.46042384 0.46054323],"[[-0.6151253  -0.39238948]
 [ 0.50444252  0.92203168]]"
40,1,[0.69383537 0.89802807],"[[ 0.81870567  0.98086552]
 [ 0.82713715 -0.1024173 ]]"
41,1,[0.32285893 0.74941344],"[[-0.59311751 -0.82905491]
 [-0.30969214 -0.15906607]]"
42,1,[0.24112759 0.38083217],"[[-0.82976685 -0.2438946 ]
 [ 0.14568654 -0.40583981]]"
43,1,[0.71524818 0.60114787],"[[0.54784195 0.48078612]
 [0.99244467 0.55769081]]"
44,1,[0.08146224 0.83517315],"[[-0.68117117  0.50210708]
 [ 0.29158783 -0.11459487]]"
45,4,[0.54456751 0.43922633],"[[ 0.05402267  0.55355375]
 [-0.65663639 -0.52102543]]"
46,1,[0.40422543 0.65883482],"[[-0.29709028 -0.15961245]
 [-0.44661216  0.2580105 ]]"
47,1,[0.23904212 0.29822642],"[[ 0.29108096  0.01829517]
 [ 0.56106242 -0.72922254]]"
48,1,[0.37627765 0.52867291],"[[-0.62239472 -0.21829213]
 [-0.28911866 -0.63112102]]"
49,1,[0.17924748 0.18860878],"[[-0.90133479 -0.63055619]
 [-0.20129233 -0.15961884]]"
50,4,[0.24760532 0.95175689],"[[-0.07627733  0.4523861 ]
 [-0.56426294 -0.3429238 ]]"
51,2,[0.2636558  0.70000929],"[[ 0.01656018  0.80348432]
 [-0.62831837 -0.06073193]]"
52,3,[0.49697845 0.97873752],"[[-0.70271383 -0.84704229]
 [ 0.83147646  0.28290707]]"
53,24,[0.69124109 0.21669499],"[[ 0.93428087 -0.90045075]
 [ 0.78288658 -0.24907895]]"
54,1,[0.69803911 0.03605431],"[[-0.68215613 -0.75698936]
 [-0.80323107 -0.73596359]]"
55,1,[0.55271693 0.17316577],"[[ 0.18696281  0.05505347]
 [ 0.28532355 -0.0939587 ]]"
56,1,[0.56809344 0.42479636],"[[-0.94861126 -0.48243831]
 [ 0.51066348 -0.49162811]]"
57,1,[0.08170379 0.92942285],"[[ 0.70260973  0.67206434]
 [-0.26154689  0.82794206]]"
58,1,[0.60124852 0.60995784],"[[-0.96026058  0.20402056]
 [-0.30244909  0.26978893]]"
59,1,[0.13410434 0.69375327],"[[-0.14376946 -0.9986276 ]
 [ 0.19760481 -0.96732194]]"
60,25,[0.88093335 0.26484237],"[[-0.34498309 -0.45058784]
 [ 0.66921157 -0.90972093]]"
61,1,[0.19172274 0.26592911],"[[-0.9741331   0.21705211]
 [ 0.54711586 -0.59817985]]"
62,1,[0.15546184 0.23034269],"[[-0.1902553   0.23483536]
 [ 0.95311378  0.14887732]]"
63,1,[0.70153558 0.61468417],"[[-0.82079162  0.56128918]
 [-0.27750204 -0.30876256]]"
64,1,[0.61308381 0.57841513],"[[ 0.38998817 -0.94478215]
 [-0.4650204  -0.80767868]]"
65,1,[0.11514331 0.51974044],"[[-0.36830887 -0.22317973]
 [-0.30082224 -0.50531517]]"
66,3,[0.94144005 0.73400686],"[[ 0.09425443 -0.81211313]
 [ 0.32371514  0.72342357]]"
67,3,[0.28155422 0.88840123],"[[-0.54038186  0.884472  ]
 [-0.41169226 -0.32699331]]"
68,1,[0.04936596 0.95087569],"[[-0.51646851 -0.21023646]
 [ 0.30029855  0.46042629]]"
69,9,[0.77475022 0.80618796],"[[ 0.40400444 -0.57152578]
 [ 0.6162599   0.30873767]]"
70,1,[0.74367585 0.68730703],"[[-0.84612335 -0.67494226]
 [-0.82805402  0.5968268 ]]"
71,1,[0.77197643 0.09573921],"[[-0.65224231 -0.90656742]
 [-0.38918894  0.15647281]]"
72,4,[0.98517076 0.60922491],"[[-0.70102695 -0.28033869]
 [ 0.80974577 -0.38974567]]"
73,1,[0.7374559  0.66024932],"[[0.99244254 0.89896186]
 [0.87571527 0.35684924]]"
74,1,[0.07062513 0.76203136],"[[0.05193338 0.48681022]
 [0.48053047 0.37390109]]"
75,1,[0.59101362 0.16664531],"[[-0.95264969  0.71284135]
 [-0.4412289   0.60319591]]"
76,2,[0.0502629  0.94878023],"[[-0.9903397   0.89446002]
 [ 0.72730307 -0.24701032]]"
77,4,[0.10819263 0.00629619],"[[-0.59838796  0.12982474]
 [ 0.73431716 -0.47544032]]"
78,1,[0.15915147 0.62392799],"[[-0.677654   -0.24966861]
 [-0.46757789  0.17632081]]"
79,1,[0.17417711 0.50945699],"[[ 0.98071096  0.4651641 ]
 [-0.9751806  -0.82784912]]"
80,3,[0.93870726 0.65094469],"[[-0.08911584  0.54910229]
 [-0.51134706 -0.28978775]]"
81,1,[0.89956973 0.13174824],"[[-0.93613612  0.55376132]
 [ 0.00732336 -0.02355309]]"
82,1,[0.82204952 0.7137737 ],"[[ 0.6305584   0.19002026]
 [ 0.59977    -0.94737155]]"
83,1,[0.04924225 0.77149849],"[[-0.11786178 -0.78284551]
 [-0.73371797 -0.47003083]]"
84,1,[0.70886675 0.09181396],"[[ 0.38571623 -0.26264572]
 [-0.56126599  0.37132258]]"
85,2,[0.23551499 0.0971496 ],"[[ 0.28351697 -0.70111325]
 [ 0.87346279 -0.48601023]]"
86,3,[0.81130486 0.68172329],"[[ 0.53022299 -0.18812028]
 [-0.99953542  0.51473201]]"
87,1,[0.90119039 0.50425553],"[[ 0.76773762 -0.45953792]
 [ 0.65971675 -0.68042238]]"
88,1,[0.95976029 0.87199594],"[[-0.29818474 -0.9532619 ]
 [-0.84604022  0.4404586 ]]"
89,7,[0.26723    0.28246718],"[[ 0.11794935 -0.31746695]
 [ 0.6622481  -0.48676058]]"
90,1,[0.1008663  0.21972219],"[[ 0.92064415  0.21486254]
 [ 0.73698639 -0.7574138 ]]"
91,1,[0.33535723 0.37303614],"[[ 0.799713   -0.29513097]
 [-0.56099032  0.90809719]]"
92,1,[0.83743169 0.41797727],"[[ 0.69450565  0.87954015]
 [-0.47389377  0.89415096]]"
93,1,[0.31833845 0.75094037],"[[-0.52826347 -0.58305893]
 [ 0.30627571  0.18586651]]"
94,1,[0.09005699 0.64377973],"[[-0.75682421  0.0710135 ]
 [ 0.78406641  0.64044351]]"
95,1,[0.94510765 0.59703849],"[[-0.09083284  0.13625635]
 [-0.48775967 -0.78721955]]"
96,1,[0.30853516 0.13181788],"[[ 0.63525172 -0.64335497]
 [-0.02409338 -0.33783433]]"
97,1,[0.71140282 0.16586994],"[[-0.24127091 -0.0733209 ]
 [-0.47507696  0.86109774]]"
98,1,[0.04282039 0.36352306],"[[ 0.92726288  0.05656989]
 [ 0.98276251 -0.18259693]]"
99,1,[0.56019096 0.47406129],"[[-0.36673169 -0.04328023]
 [-0.10900153  0.41719207]]"
100,1,[0.81695582 0.67752183],"[[-0.84582178  0.93392154]
 [ 0.05181794  0.43069246]]"
101,1,[0.95087356 0.03558601],"[[-0.4621588   0.08398129]
 [ 0.39687946 -0.83423307]]"
102,1,[0.23439669 0.3134785 ],"[[ 0.99856093 -0.03510608]
 [-0.95982396 -0.36343221]]"
103,1,[0.9247503  0.17558382],"[[-0.33997887 -0.08041728]
 [ 0.36079694  0.83746412]]"
104,4,[0.88269265 0.47391885],"[[ 0.86972837  0.29492226]
 [-0.96069862  0.42456512]]"
105,1,[0.36225088 0.74671475],"[[-0.43619149  0.80107929]
 [-0.11367928  0.90990647]]"
106,1,[0.06753708 0.20587454],"[[-0.20232193  0.45206864]
 [ 0.13333927  0.77208165]]"
107,1,[0.91466354 0.67766264],"[[ 0.70705396 -0.31746158]
 [ 0.54786857 -0.49619299]]"
108,1,[0.2830983  0.83161672],"[[ 0.56960871  0.5875808 ]
 [ 0.75943134 -0.1625331 ]]"
109,1,[0.96451361 0.25664528],"[[-0.71047668 -0.61522208]
 [ 0.32116604  0.9505726 ]]"
110,1,[0.57329145 0.75661286],"[[ 0.4749838  -0.80192053]
 [ 0.39816956 -0.84334825]]"
111,1,[0.24998014 0.63416504],"[[-0.48594632 -0.74324997]
 [-0.55755715 -0.11635673]]"
112,5,[0.52911524 0.65701113],"[[-0.08392719  0.68139602]
 [-0.84330185 -0.16248059]]"
113,1,[0.48715333 0.78721964],"[[ 0.93628471  0.283235  ]
 [-0.92481999 -0.33723437]]"
114,2,[0.6333404  0.86307272],"[[ 0.36238902 -0.25214064]
 [ 0.86788019 -0.83414251]]"
115,1,[0.0276511  0.56719526],"[[ 0.81177692 -0.16917611]
 [-0.94081502 -0.12407877]]"
116,1,[0.81853557 0.51309128],"[[ 0.9115835   0.37194743]
 [-0.52319122 -0.88176312]]"
117,1,[0.16593985 0.00056525],"[[-0.4416305  -0.24812546]
 [-0.60013029  0.18102472]]"
118,5,[0.54085363 0.81124006],"[[ 0.11777339 -0.86805034]
 [ 0.3505553   0.48280877]]"
119,1,[0.46070955 0.95011599],"[[0.12009511 0.41871344]
 [0.86872579 0.56685383]]"
120,2,[0.45159066 0.1823178 ],"[[-0.15408218 -0.89118922]
 [ 0.80860095  0.48764634]]"
121,1,[0.09393278 0.80930594],"[[ 0.8719939  -0.48413585]
 [-0.31009462 -0.33157748]]"
122,1,[0.61637367 0.51704622],"[[-0.24038525 -0.08502821]
 [ 0.3874883   0.53984046]]"
123,1,[0.87038193 0.80636744],"[[-0.44855325 -0.85126024]
 [-0.2821498   0.62087967]]"
124,1,[0.93161349 0.29005921],"[[-0.49602832  0.68591075]
 [ 0.90693012 -0.09900322]]"
125,1,[0.72414808 0.66725397],"[[-0.78503257  0.36162041]
 [ 0.33565269  0.49079904]]"
126,1,[0.71685379 0.60148063],"[[-0.32297098 -0.85465582]
 [ 0.19502693  0.82066691]]"
127,1,[0.60086273 0.07949028],"[[-0.58860243  0.03957603]
 [-0.24598912 -0.15767885]]"
128,9,[0.3909249  0.64197955],"[[ 0.77665133 -0.96283208]
 [-0.37501891  0.61961672]]"
129,1,[0.50305742 0.20777228],"[[-0.88185406 -0.5865069 ]
 [-0.18420946 -0.67409564]]"
130,1,[0.60932092 0.63609774],"[[ 0.86572119  0.51199874]
 [-0.49858072  0.62174751]]"
131,1,[0.38069087 0.00894963],"[[-0.88759161  0.71640636]
 [ 0.36264445  0.89178265]]"
132,1,[0.00876682 0.72601734],"[[ 0.24812471  0.52884554]
 [-0.23998667 -0.94057105]]"
133,1,[0.39874933 0.96158968],"[[-0.94789334  0.58441516]
 [-0.90090271  0.08609135]]"
134,2,[0.53641706 0.10353964],"[[-0.99676937  0.4880519 ]
 [ 0.325556    0.92449351]]"
135,1,[0.47370101 0.94111225],"[[ 0.33053506 -0.14141001]
 [-0.09838541  0.61598672]]"
136,1,[0.57165147 0.65533333],"[[ 0.34438085  0.44554833]
 [ 0.63778907 -0.46682058]]"
137,1,[0.0475061  0.03112694],"[[0.4534726  0.52105624]
 [0.31604018 0.46121829]]"
138,1,[0.27044229 0.63264564],"[[-0.35083915 -0.47665436]
 [-0.83220742  0.70606378]]"
139,1,[0.1466968  0.07107624],"[[-0.41163668  0.1472103 ]
 [-0.91563446  0.4861779 ]]"
140,1,[0.6932161  0.04185142],"[[-0.98746081 -0.10885184]
 [ 0.22324926 -0.9005918 ]]"
141,1,[0.85112897 0.63406531],"[[-0.9812919   0.61997542]
 [-0.39248732  0.25234089]]"
142,1,[0.52932698 0.24756221],"[[0.35016958 0.68952425]
 [0.07458759 0.91981001]]"
143,1,[0.01876856 0.45427752],"[[ 0.19611616  0.91779051]
 [ 0.58978436 -0.68432576]]"
144,1,[0.03405199 0.53654396],"[[ 0.55616591 -0.36209619]
 [-0.87631849 -0.83416862]]"
145,1,[0.25224727 0.33698505],"[[ 0.46780138 -0.02378351]
 [ 0.95174974  0.35751255]]"
146,1,[0.49567305 0.93523747],"[[-0.1860538  -0.23368029]
 [-0.45980682 -0.20519784]]"
147,1,[0.20203214 0.20371527],"[[ 0.98735421 -0.96223875]
 [-0.23582575  0.09264726]]"
148,1,[0.9123515  0.54048647],"[[-0.62545337 -0.57216032]
 [-0.2910153   0.50688065]]"
149,5,[0.49216608 0.80691386],"[[ 0.93553563 -0.06301449]
 [-0.99777502  0.73417757]]"
150,3,[0.90727133 0.54872291],"[[ 0.74971259  0.7108871 ]
 [-0.83620313 -0.00347272]]"
151,1,[0.87065226 0.36163005],"[[ 0.93376283 -0.019597  ]
 [ 0.33978642 -0.83050933]]"
152,2,[0.09196711 0.87042419],"[[ 0.45726729  0.27355848]
 [ 0.38976981 -0.78055835]]"
153,1,[0.87796559 0.3461568 ],"[[-0.83701865  0.70084284]
 [ 0.28711646 -0.12574023]]"
154,1,[0.05803402 0.57210509],"[[ 0.38462144 -0.01500702]
 [-0.29060424  0.64184133]]"
155,1,[0.84765693 0.46087333],"[[ 0.29609619  0.95031269]
 [ 0.05148167 -0.90397782]]"
156,1,[0.68736769 0.29642665],"[[-0.84340927  0.0269333 ]
 [-0.91843118 -0.17221769]]"
157,1,[0.75409393 0.31471296],"[[-0.32137076 -0.9796837 ]
 [-0.15169212  0.02351816]]"
158,1,[0.31579379 0.31859286],"[[-0.35766132  0.95783264]
 [ 0.79706124  0.49927152]]"
159,4,[0.2831229  0.80309157],"[[-0.59764426 -0.74566359]
 [ 0.9099252  -0.54078006]]"
160,1,[0.73528599 0.10800847],"[[-0.13821242  0.14436193]
 [-0.15309034  0.98218527]]"
161,2,[0.45958004 0.95699554],"[[-0.28360844 -0.64914861]
 [ 0.73679893  0.36791873]]"
162,1,[0.4017269  0.69839909],"[[ 0.74492362 -0.73735132]
 [ 0.25417806  0.78252284]]"
163,13,[0.14248489 0.32196788],"[[-0.35884633 -0.33567796]
 [ 0.6603621  -0.7641847 ]]"
164,1,[0.16982574 0.62492591],"[[-0.03874301  0.00293299]
 [ 0.6144523   0.54368842]]"
165,1,[0.27865712 0.81404037],"[[0.93964447 0.65865228]
 [0.37984125 0.20663487]]"
166,1,[0.9745291  0.91713942],"[[-0.73308036 -0.95226766]
 [ 0.54674865  0.76130477]]"
167,1,[0.53623634 0.62288089],"[[-0.36519294 -0.33640396]
 [-0.8998517  -0.87277782]]"
168,1,[0.45162186 0.40197867],"[[-0.89397231 -0.86711786]
 [ 0.32989707  0.200335  ]]"
169,4,[0.48241034 0.95651717],"[[-0.20921328  0.55723718]
 [ 0.11734101 -0.33964433]]"
170,1,[0.04150903 0.31679541],"[[-0.24065596 -0.92253516]
 [-0.71495731 -0.46620796]]"
171,9,[0.85653181 0.81773754],"[[-0.44895198  0.5419898 ]
 [-0.68422043 -0.48510512]]"
172,1,[0.0010554  0.86245639],"[[0.67278387 0.01215519]
 [0.12625328 0.19838751]]"
173,1,[0.05939276 0.6716613 ],"[[-0.02848769  0.81182429]
 [ 0.37574203 -0.52681725]]"
174,1,[0.6390483  0.25506697],"[[ 0.5559669  -0.2027083 ]
 [-0.00552945  0.68546748]]"
175,2,[0.89248291 0.90305654],"[[-0.09875677  0.38186147]
 [ 0.78996865 -0.71347213]]"
176,1,[0.42493789 0.63735536],"[[ 0.26550711  0.34818794]
 [ 0.43879444 -0.29054689]]"
177,1,[0.9463185  0.38282366],"[[-0.14982863  0.12452999]
 [-0.15717507 -0.17067929]]"
178,1,[0.10085365 0.79354089],"[[ 0.80674511 -0.67151411]
 [-0.67564245 -0.32238728]]"
179,1,[0.9202736  0.37517439],"[[ 0.21743332  0.05074137]
 [ 0.62917408 -0.15344831]]"
180,5,[0.48227615 0.13253907],"[[-0.46283392  0.85459339]
 [-0.78145581 -0.7223592 ]]"
181,1,[0.85251686 0.03580778],"[[ 0.13656466  0.04023783]
 [ 0.38730076 -0.55272987]]"
182,1,[0.40151798 0.16502707],"[[0.75054297 0.37257384]
 [0.36536342 0.58375916]]"
183,3,[0.37338818 0.28562498],"[[-0.25069536 -0.63884367]
 [ 0.37846826  0.16147834]]"
184,2,[0.96163177 0.88976966],"[[-0.86349851  0.95943209]
 [ 0.94052716 -0.94626831]]"
185,1,[0.96989599 0.1108486 ],"[[0.42939788 0.25877965]
 [0.7159834  0.16065876]]"
186,7,[0.64690621 0.2371354 ],"[[ 0.60635934 -0.88159091]
 [ 0.88969688 -0.78845887]]"
187,1,[0.40528805 0.10441589],"[[-0.14761175  0.34212918]
 [ 0.22140096 -0.35498779]]"
188,1,[0.28459066 0.46881088],"[[-0.34534144  0.23019397]
 [-0.53516399  0.95480751]]"
189,4,[0.95182982 0.66510567],"[[-0.18430361  0.6558352 ]
 [-0.83794071  0.92681773]]"
190,1,[0.46026975 0.91754385],"[[-0.72975515 -0.79636955]
 [ 0.61882616 -0.91363747]]"
191,1,[0.41342213 0.05647814],"[[-0.29046894  0.41997835]
 [ 0.22142709  0.3103588 ]]"
192,1,[0.25040467 0.84012289],"[[ 0.69582479  0.41584766]
 [-0.8168703  -0.50078842]]"
193,1,[0.54696035 0.27300914],"[[-0.98734631  0.10202245]
 [-0.2110801   0.886078  ]]"
194,5,[0.49245439 0.64348535],"[[-0.15784959 -0.44992915]
 [ 0.98879213  0.02471607]]"
195,2,[0.04760393 0.12656003],"[[-0.77524858 -0.03292684]
 [-0.17354732  0.7035711 ]]"
196,1,[0.26998098 0.80812279],"[[-0.02432958  0.31156978]
 [-0.17195977 -0.3466626 ]]"
197,1,[0.11264747 0.84822369],"[[0.19953036 0.34234463]
 [0.88052497 0.09749153]]"
198,1,[0.17367683 0.94275907],"[[-0.56247304 -0.89987139]
 [-0.37625071 -0.89439562]]"
199,1,[0.01843478 0.47950082],"[[ 0.22003715  0.68508071]
 [ 0.7401794  -0.30650742]]"
200,1,[0.84211642 0.20326918],"[[-0.91930258  0.02237771]
 [-0.81987968  0.79147559]]"
201,1,[0.26453765 0.98388553],"[[-0.736418    0.93997468]
 [ 0.16146336 -0.1778643 ]]"
202,1,[0.52303424 0.28951343],"[[ 0.48335203 -0.18101781]
 [ 0.46961032  0.10396876]]"
203,2,[0.67725258 0.76746684],"[[-0.6422731   0.60597887]
 [ 0.85582377 -0.32127219]]"
204,1,[0.87649523 0.53984145],"[[ 0.96190839 -0.47876656]
 [-0.49392797  0.99171645]]"
205,3,[0.39655538 0.31494796],"[[-0.30760907  0.78398855]
 [-0.91511588 -0.09079306]]"
206,1,[0.13245918 0.25722082],"[[-0.32843086  0.33385624]
 [ 0.75274724 -0.28987179]]"
207,1,[0.40864057 0.44946673],"[[-0.04407397  0.1780511 ]
 [ 0.71796927 -0.77570858]]"
208,1,[0.47021302 0.40914841],"[[0.47846644 0.55716315]
 [0.25925099 0.23638059]]"
209,1,[0.73073342 0.15997333],"[[ 4.61228883e-04 -7.96203401e-01]
 [-3.70640230e-02 -8.48505982e-01]]"
210,7,[0.06935506 0.61125636],"[[-0.46981873  0.96656906]
 [-0.68921281  0.00740559]]"
211,1,[0.87277946 0.27931529],"[[-0.84035098  0.45618185]
 [ 0.884837    0.33836038]]"
212,1,[0.15537635 0.5265901 ],"[[ 0.94019201 -0.01973414]
 [-0.74301631 -0.43675396]]"
213,1,[0.97927636 0.42528912],"[[-0.21799554 -0.50730456]
 [-0.02704896 -0.97982936]]"
214,1,[0.83512786 0.42036155],"[[ 0.21261953 -0.69814205]
 [ 0.63927095  0.94932033]]"
215,1,[0.99957137 0.03047726],"[[ 0.90324736  0.80220762]
 [-0.7696112  -0.77956199]]"
216,1,[0.58025869 0.45633249],"[[ 0.38459387 -0.81238799]
 [ 0.32002298 -0.51224872]]"
217,1,[0.25687657 0.81484347],"[[0.21950258 0.05572074]
 [0.60637168 0.70062684]]"
218,1,[0.67866068 0.36719352],"[[ 0.85060813 -0.51628435]
 [ 0.62740936  0.95485738]]"
219,1,[0.44468714 0.2836724 ],"[[-0.48582661  0.2228198 ]
 [ 0.4557898   0.1079983 ]]"
220,1,[0.71106587 0.99755331],"[[ 0.12327117  0.06693915]
 [ 0.02951073 -0.21707844]]"
221,1,[0.28035999 0.24805571],"[[-0.20239953  0.53524323]
 [-0.10251326 -0.82593264]]"
222,1,[0.3756351  0.98205238],"[[-0.57943051 -0.52073791]
 [-0.71495475 -0.15158311]]"
223,1,[0.0675656  0.54548009],"[[ 0.69911031  0.4627017 ]
 [-0.59296539 -0.47748976]]"
224,1,[0.95740291 0.40324558],"[[-0.29844836  0.4970803 ]
 [ 0.48841071  0.63706952]]"
225,2,[0.96779192 0.8081457 ],"[[ 0.23073805 -0.86010455]
 [ 0.99604843 -0.34554165]]"
226,1,[0.88903213 0.33717062],"[[-0.76339218 -0.33995891]
 [ 0.96093707  0.50493961]]"
227,1,[0.64401335 0.56205621],"[[ 0.67858258 -0.74329386]
 [-0.5218818  -0.13696495]]"
228,1,[0.51209231 0.08446773],"[[-0.50534156 -0.08820332]
 [-0.40150935 -0.57271873]]"
229,1,[0.18704659 0.68157743],"[[-0.52716523 -0.52801703]
 [-0.43657543 -0.22921771]]"
230,1,[0.07320929 0.00114599],"[[-0.12952788  0.54294812]
 [-0.53712182  0.90425205]]"
231,1,[0.46908047 0.70872864],"[[ 0.82132631  0.3870766 ]
 [-0.75973121 -0.02104055]]"
232,1,[0.00445101 0.43908317],"[[ 0.88879815 -0.96547507]
 [-0.57512876 -0.20533707]]"
233,2,[0.8192546  0.63568535],"[[ 0.02182452 -0.49768484]
 [ 0.50895725 -0.05662618]]"
234,1,[0.77215027 0.80988333],"[[ 0.63000589 -0.16028398]
 [-0.1349164  -0.92564022]]"
235,1,[0.20946373 0.17400822],"[[ 0.48206275  0.63694911]
 [ 0.77038488 -0.49282927]]"
236,2,[0.75839912 0.47330595],"[[-0.71766322  0.05831795]
 [ 0.01640654  0.78173238]]"
237,1,[0.90717482 0.5686258 ],"[[-0.68062418  0.98040534]
 [-0.24246072  0.81202751]]"
238,1,[0.34184343 0.90705974],"[[-0.20961803 -0.5358411 ]
 [-0.19923979 -0.58784068]]"
239,6,[0.10665436 0.57922374],"[[-0.44263654 -0.1996417 ]
 [ 0.51569802 -0.43492717]]"
240,1,[0.26600558 0.32760188],"[[ 0.59511399  0.47229393]
 [-0.45339317  0.20324506]]"
241,3,[0.63608247 0.5754205 ],"[[ 0.71058202  0.98416673]
 [-0.79063159 -0.50017904]]"
242,1,[0.95548665 0.42652923],"[[-0.49642218 -0.46161086]
 [-0.39557729 -0.96598734]]"
243,1,[0.33015417 0.3816685 ],"[[ 0.21007064 -0.56430096]
 [-0.47465003 -0.40513702]]"
244,1,[0.42594687 0.78531175],"[[ 0.91954972 -0.35363233]
 [ 0.26153037 -0.57089836]]"
245,1,[0.30516939 0.9611427 ],"[[-0.25231741 -0.15211511]
 [-0.71714056  0.34230709]]"
246,5,[0.74721588 0.5916821 ],"[[ 0.41866616 -0.8543823 ]
 [ 0.0470328   0.35499037]]"
247,7,[0.73782357 0.38925448],"[[ 0.07855788  0.1528645 ]
 [-0.45845983  0.06401985]]"
248,1,[0.01529064 0.6841487 ],"[[-0.28729039  0.33587834]
 [-0.56234088  0.66306935]]"
249,2,[0.51239316 0.24916987],"[[ 0.86682235 -0.39023264]
 [ 0.58544976 -0.99068719]]"
250,1,[0.18371612 0.77340184],"[[ 0.80368901 -0.39771036]
 [ 0.91855849  0.7536811 ]]"
251,1,[0.9583693  0.68099169],"[[ 0.67014549 -0.79222261]
 [-0.46299642 -0.87156028]]"
252,1,[0.05807586 0.6419342 ],"[[ 0.23850671 -0.99654312]
 [-0.9631509   0.84765155]]"
253,2,[0.67019442 0.3039942 ],"[[-0.54072486 -0.92201621]
 [ 0.89686692  0.72854578]]"
254,1,[0.87886072 0.99320514],"[[-0.82142166  0.2882697 ]
 [-0.96729598 -0.98412502]]"
255,2,[0.8787301  0.47031777],"[[-0.14229218  0.87230764]
 [-0.44569646 -0.21355949]]"
256,1,[0.59383449 0.56192951],"[[ 0.46852092  0.07922716]
 [-0.04102065 -0.08288232]]"
257,1,[0.3025117  0.82517555],"[[-0.73945832 -0.16013407]
 [-0.34194468 -0.2342211 ]]"
258,1,[0.58511279 0.14470585],"[[-0.57629867  0.35246483]
 [-0.31032822  0.20856505]]"
259,1,[0.302546   0.44160085],"[[-0.84501363  0.37995227]
 [ 0.65365398  0.57166892]]"
260,2,[0.83524283 0.39483097],"[[ 0.44322779  0.5595509 ]
 [-0.84908059 -0.35810914]]"
261,1,[0.02437189 0.88291433],"[[ 0.64194364 -0.14961511]
 [-0.67596624 -0.9398483 ]]"
262,2,[0.41125273 0.54838361],"[[ 0.15559759 -0.96275839]
 [-0.16281685  0.78268713]]"
263,1,[0.69764572 0.72941349],"[[-0.15325621 -0.20909268]
 [-0.44771041  0.89267354]]"
264,1,[0.34678733 0.54528988],"[[ 0.83023102  0.6943602 ]
 [ 0.93606638 -0.49002238]]"
265,1,[0.39607141 0.96517426],"[[ 0.74762623 -0.08577228]
 [-0.32257689  0.99696459]]"
266,1,[0.94993744 0.53941323],"[[-0.22745506  0.00153605]
 [-0.95972392 -0.59354538]]"
267,3,[0.41386641 0.67045487],"[[ 0.52217531  0.2579445 ]
 [-0.73212664 -0.25725569]]"
268,1,[0.5840988 0.0979155],"[[-0.41468222 -0.4163402 ]
 [ 0.28998202  0.84835078]]"
269,7,[0.42716184 0.3124175 ],"[[ 0.12808345 -0.98518761]
 [ 0.16181879  0.33334245]]"
270,1,[0.20494666 0.55869208],"[[ 0.02834946 -0.05182569]
 [-0.55968212  0.70063873]]"
271,2,[0.36633126 0.22453827],"[[ 0.2620469  -0.88398569]
 [ 0.60840541  0.10177586]]"
272,5,[0.2509259  0.01186209],"[[ 0.38324651 -0.9564881 ]
 [-0.10081698  0.54302295]]"
273,2,[0.93153587 0.56623447],"[[-0.73209763  0.28211161]
 [-0.07109776  0.69996262]]"
274,6,[0.58043698 0.69122654],"[[-0.22191465 -0.25618108]
 [ 0.91024904  0.24314827]]"
275,1,[0.72679132 0.72327948],"[[-0.25592306 -0.10526871]
 [-0.01526735 -0.90082466]]"
276,1,[0.79785155 0.10429931],"[[-0.46139946 -0.81977781]
 [-0.04524122  0.35463043]]"
277,3,[0.83333824 0.83401462],"[[ 0.42307039 -0.79063883]
 [ 0.42658003  0.4232547 ]]"
278,1,[0.96272834 0.19085136],"[[ 0.88044833 -0.44681236]
 [ 0.20038248  0.0916505 ]]"
279,5,[0.43423259 0.43707292],"[[-0.18870154 -0.86683114]
 [ 0.30941405 -0.03336817]]"
280,1,[0.95450245 0.27692786],"[[-0.81476879 -0.87015057]
 [-0.47579879  0.0449182 ]]"
281,1,[0.21055435 0.17040168],"[[-0.09441365 -0.98884393]
 [-0.25129084 -0.86623393]]"
282,1,[0.01741838 0.61554502],"[[ 0.08454515 -0.62002267]
 [ 0.20180156 -0.46686378]]"
283,1,[0.9121513  0.78404644],"[[ 0.53176566  0.20151282]
 [-0.50261732  0.57474532]]"
284,1,[0.0694128  0.37468897],"[[0.77719619 0.36492735]
 [0.60948757 0.81846548]]"
285,1,[0.22586138 0.50234226],"[[-0.03005031 -0.29312473]
 [-0.89447957  0.32557173]]"
286,3,[0.3661938  0.11048882],"[[ 0.14505287 -0.56799502]
 [ 0.79490861  0.23728171]]"
287,13,[0.10815255 0.4179563 ],"[[ 0.1827232  -0.78683899]
 [ 0.24551729 -0.14399592]]"
288,4,[5.48442944e-04 5.76475361e-01],"[[ 0.66378392 -0.98527905]
 [-0.08341871  0.69586171]]"
289,1,[0.30257256 0.68423447],"[[-0.89028108  0.1222347 ]
 [ 0.02527989 -0.96290715]]"
290,1,[0.89522021 0.10020552],"[[-0.16947088 -0.38216992]
 [-0.100522   -0.57056405]]"
291,1,[0.27501508 0.52119262],"[[-0.5135275  -0.19908708]
 [ 0.35888059  0.84616478]]"
292,11,[0.37293136 0.02475071],"[[ 0.27368152 -0.68617972]
 [ 0.16871698  0.01495068]]"
293,1,[0.08074507 0.62767138],"[[-0.56743007  0.02805633]
 [ 0.1068198  -0.69777817]]"
294,2,[0.16465742 0.83815677],"[[ 0.89157853  0.52953374]
 [ 0.24695637 -0.84607033]]"
295,1,[0.5038602  0.94803544],"[[ 0.22910092  0.06493314]
 [-0.11172676  0.45115777]]"
296,1,[0.49457884 0.36381453],"[[0.77015199 0.66084823]
 [0.62590056 0.32507002]]"
297,1,[0.65768108 0.34388681],"[[ 0.96960728  0.47683679]
 [-0.41133003  0.34426575]]"
298,1,[0.7236072  0.14491098],"[[-0.45732861  0.08680911]
 [-0.46462205 -0.84209983]]"
299,1,[0.18837502 0.95617432],"[[ 0.28991133 -0.67728636]
 [-0.09604842 -0.71491923]]"
300,22,[0.96580673 0.0081597 ],"[[-0.38140955  0.77875458]
 [-0.85910027  0.89024929]]"
301,1,[0.82135161 0.65087075],"[[-0.7401642  -0.21736421]
 [ 0.04010864 -0.86291935]]"
302,1,[0.33865761 0.44293622],"[[-0.31473586 -0.69175075]
 [-0.0061756   0.79785229]]"
303,1,[0.37286316 0.61553183],"[[ 0.01598928  0.9749119 ]
 [ 0.03233717 -0.18198877]]"
304,1,[0.37372673 0.71046735],"[[ 0.58716633 -0.82990162]
 [ 0.88828552  0.97325595]]"
305,1,[0.04393641 0.02995463],"[[ 0.75255719  0.03536775]
 [ 0.31748167 -0.17483621]]"
306,1,[0.01732301 0.84902264],"[[-0.73250544  0.38804249]
 [-0.06615896  0.90212428]]"
307,1,[0.6015144  0.66967605],"[[-0.88035838 -0.25330555]
 [ 0.35583562  0.07189921]]"
308,23,[0.8106606  0.53016794],"[[ 0.31813255 -0.93943127]
 [ 0.51609505 -0.70963855]]"
309,1,[0.99790462 0.650949  ],"[[-0.13272442  0.04569909]
 [-0.88615609 -0.50039537]]"
310,1,[0.02885412 0.13250637],"[[-0.62510177 -0.83664032]
 [-0.65278031 -0.7750932 ]]"
311,1,[0.11560101 0.23779641],"[[-0.09895964  0.05998625]
 [-0.2397785   0.70774037]]"
312,5,[0.97392773 0.81451647],"[[ 0.1014428  -0.38361523]
 [ 0.80897762  0.28640563]]"
313,5,[0.97391245 0.68004615],"[[-0.44816543  0.99192297]
 [-0.34331204 -0.98413647]]"
314,1,[0.14225806 0.37743342],"[[ 0.11213927  0.73950478]
 [-0.11052615  0.81114132]]"
315,1,[0.24739117 0.49750905],"[[ 0.98196351  0.86910182]
 [ 0.42166866 -0.53058475]]"
316,1,[0.88417386 0.26615392],"[[-0.29937727 -0.0985267 ]
 [-0.70680117  0.09080858]]"
317,1,[0.8907207  0.18960601],"[[-0.29949669  0.21766811]
 [ 0.82394599 -0.93958989]]"
318,1,[0.3787771  0.22083547],"[[ 0.33280471  0.40129309]
 [-0.66729599 -0.89124028]]"
319,1,[0.44598249 0.25863521],"[[ 0.16488753 -0.56697236]
 [-0.21235007 -0.45653685]]"
320,1,[0.90021657 0.04154256],"[[0.21255807 0.06640794]
 [0.13010015 0.93354346]]"
321,1,[0.0365955  0.04264803],"[[-0.71709468  0.70345085]
 [ 0.82507613 -0.95447809]]"
322,3,[0.99515376 0.12561003],"[[ 0.00549736  0.68741664]
 [-0.43081121  0.24320916]]"
323,1,[0.12077131 0.2743358 ],"[[-0.50100215 -0.73878793]
 [-0.96433081  0.12787959]]"
324,1,[0.68505433 0.05377865],"[[-0.47449583  0.64707211]
 [ 0.71010766  0.2158269 ]]"
325,1,[0.7737263  0.48441635],"[[ 0.22190327 -0.27078907]
 [-0.53126082 -0.8110401 ]]"
326,1,[0.94401977 0.88047526],"[[ 0.65622282 -0.91059853]
 [ 0.44179102 -0.98022863]]"
327,1,[0.7079062  0.08831138],"[[ 0.63610378  0.38703138]
 [-0.0635646  -0.53701554]]"
328,1,[0.12609592 0.901835  ],"[[-0.86452148  0.65482744]
 [ 0.31671828  0.54257366]]"
329,1,[0.96150214 0.02383468],"[[-0.70853305 -0.17502494]
 [-0.53200371  0.16184806]]"
330,3,[0.95451779 0.56233126],"[[ 0.53573584 -0.59642588]
 [ 0.87203339 -0.3016391 ]]"
331,2,[0.23033557 0.87309459],"[[ 0.92113994  0.5401517 ]
 [ 0.35855847 -0.88654439]]"
332,1,[0.81019318 0.09407312],"[[ 0.98651785  0.7949941 ]
 [-0.50412363 -0.98800291]]"
333,9,[0.50784787 0.05127643],"[[ 0.11127081 -0.55547524]
 [ 0.15499686 -0.13016163]]"
334,1,[0.79399905 0.80414455],"[[-0.14816867  0.275526  ]
 [ 0.69173444 -0.76419475]]"
335,2,[0.24057692 0.134676  ],"[[ 0.56730247  0.50725206]
 [-0.85943214 -0.12176337]]"
336,1,[0.6814075  0.19100715],"[[ 0.43698288  0.44159491]
 [-0.28057366  0.40416293]]"
337,1,[0.65607616 0.74861169],"[[0.18532274 0.79563739]
 [0.67616216 0.39022044]]"
338,1,[0.68703649 0.70646467],"[[-0.02236528 -0.09897269]
 [-0.22992227  0.52428548]]"
339,1,[0.99737583 0.59524011],"[[ 0.91635817  0.28610042]
 [-0.10134245  0.68451511]]"
340,1,[0.14186459 0.53215765],"[[-0.24457408  0.71188929]
 [ 0.46785518  0.86436214]]"
341,1,[0.53509484 0.47368253],"[[-0.64655472  0.31035055]
 [-0.9444815   0.4323704 ]]"
342,13,[0.10944429 0.08421638],"[[-0.74444066  0.94588743]
 [-0.50155829  0.35320846]]"
343,1,[0.47167742 0.1666806 ],"[[ 0.15996398  0.19153553]
 [-0.13769649  0.54886111]]"
344,1,[0.35643799 0.08764987],"[[ 0.92573534 -0.06637239]
 [ 0.97207598  0.32170415]]"
345,1,[0.88267308 0.69160573],"[[-0.69962437 -0.24642592]
 [-0.76132614  0.76858758]]"
346,1,[0.49109228 0.39623497],"[[ 0.29424856 -0.61008784]
 [ 0.69332914  0.81078575]]"
347,1,[0.35858349 0.66019808],"[[-0.23300173  0.82604626]
 [ 0.51660565 -0.65809346]]"
348,1,[0.49641037 0.47667067],"[[ 0.60232047 -0.77412147]
 [-0.90743928 -0.64269447]]"
349,1,[0.20377984 0.95349116],"[[0.00477988 0.52045981]
 [0.3400808  0.07743563]]"
350,1,[0.75838803 0.82310842],"[[-0.24651868  0.5225638 ]
 [-0.04655174 -0.5820392 ]]"
351,2,[0.33394463 0.38577062],"[[-0.28251669  0.73901177]
 [ 0.9790271  -0.86865822]]"
352,3,[0.53448223 0.41723951],"[[-0.28466352 -0.68297379]
 [ 0.34015542  0.28911404]]"
353,1,[0.32645235 0.70298307],"[[-0.7911871   0.79936815]
 [ 0.80376918  0.74201068]]"
354,1,[0.09054727 0.77406903],"[[-0.71473568  0.61039586]
 [-0.55617483 -0.71629326]]"
355,2,[0.62787526 0.02876038],"[[ 0.18466318 -0.77845462]
 [ 0.14041299  0.3766906 ]]"
356,1,[0.08661677 0.19297733],"[[-0.95154657  0.54629304]
 [-0.59334648  0.53370525]]"
357,1,[0.31782934 0.06261858],"[[ 0.7962375  -0.57774031]
 [ 0.90186873 -0.78843212]]"
358,4,[0.23371767 0.04386149],"[[ 0.86978343 -0.73902862]
 [ 0.81559833 -0.4788341 ]]"
359,1,[0.22845903 0.50597099],"[[-0.3368316   0.13402832]
 [-0.82515765 -0.63549137]]"
360,2,[0.6126195  0.00848926],"[[-0.0106678  -0.50359964]
 [ 0.39695553  0.07547583]]"
361,7,[0.127768   0.76500335],"[[-0.18723957  0.18978712]
 [-0.86382609  0.38000564]]"
362,1,[0.85878061 0.12632113],"[[ 0.91064202  0.9555393 ]
 [ 0.44551692 -0.22754817]]"
363,1,[0.23778651 0.47432479],"[[-0.90596419 -0.92322305]
 [ 0.8360712   0.0352208 ]]"
364,1,[0.50668643 0.00490973],"[[ 0.79495939 -0.69149942]
 [-0.40054281  0.8778159 ]]"
365,1,[0.34146867 0.31462686],"[[ 0.63444148  0.55299623]
 [-0.28209596 -0.75542651]]"
366,1,[0.71806802 0.10749269],"[[-0.86248677  0.01394073]
 [-0.80679586 -0.94080041]]"
367,1,[0.49935374 0.87877588],"[[ 0.92535184  0.14536059]
 [ 0.84564771 -0.45901074]]"
368,1,[0.71454494 0.82426345],"[[-0.36805098 -0.09579684]
 [ 0.36165348 -0.40425359]]"
369,1,[0.76098339 0.77649977],"[[ 0.385527    0.11347983]
 [ 0.03848824 -0.46932273]]"
370,5,[0.89084081 0.08018819],"[[ 0.5956151  -0.96731428]
 [-0.07239614  0.27397397]]"
371,1,[0.41726835 0.613716  ],"[[-0.75979745  0.53056572]
 [-0.65930587  0.67738493]]"
372,3,[0.00639577 0.8173121 ],"[[-0.2872463   0.96379218]
 [-0.1437011  -0.60967497]]"
373,1,[0.38026839 0.10095043],"[[ 0.81399245  0.14933934]
 [-0.22393326  0.53116383]]"
374,1,[0.32519994 0.26673995],"[[-0.62909959 -0.96889032]
 [-0.54875046 -0.756591  ]]"
375,3,[0.6723484  0.09184635],"[[ 0.30167547  0.71537566]
 [-0.88451387 -0.64352218]]"
376,1,[0.81074661 0.13293833],"[[-0.79352931 -0.891702  ]
 [ 0.16472418 -0.2034327 ]]"
377,1,[0.30728847 0.91467357],"[[0.44807899 0.69854829]
 [0.81548284 0.25165222]]"
378,1,[0.96222886 0.71264524],"[[-0.81172693 -0.80578268]
 [ 0.33703479 -0.68323025]]"
379,1,[0.90537793 0.15907425],"[[-0.09838564  0.8867622 ]
 [ 0.84398201 -0.66552801]]"
380,8,[0.928213   0.73947833],"[[-0.5551659   0.62627048]
 [-0.59390628  0.26114746]]"
381,1,[0.85898754 0.23718664],"[[ 0.79952782 -0.75051409]
 [-0.37781704 -0.04555203]]"
382,3,[0.33454136 0.69504183],"[[ 0.32473159  0.41477886]
 [-0.63562252  0.11485844]]"
383,1,[0.73643516 0.37603858],"[[ 0.2939258  -0.45191393]
 [ 0.17152335 -0.44063729]]"
384,1,[0.03149891 0.34746059],"[[-0.84918706 -0.4141088 ]
 [ 0.29246255  0.56826539]]"
385,1,[0.50414192 0.88718102],"[[ 0.85733039 -0.24777443]
 [ 0.29946676  0.67191238]]"
386,1,[0.89892133 0.02640888],"[[-0.43208999  0.73407071]
 [-0.81524522 -0.75934299]]"
387,1,[0.20540736 0.30717455],"[[-0.77983084 -0.65172857]
 [-0.52693621  0.98033009]]"
388,1,[0.5775417  0.60880537],"[[-0.85853218 -0.26221646]
 [ 0.09733074 -0.37367551]]"
389,1,[0.29813757 0.07763622],"[[-0.98038069 -0.56985873]
 [-0.92765802  0.65529505]]"
390,1,[0.96690953 0.6383059 ],"[[ 0.26532237 -0.15072848]
 [-0.79607903 -0.37209005]]"
391,1,[0.95321226 0.74975628],"[[ 0.61150692 -0.86227864]
 [-0.49727244 -0.84748856]]"
392,1,[0.83059022 0.47879006],"[[ 0.67732874  0.01019639]
 [ 0.4129667  -0.51650835]]"
393,1,[0.08012006 0.5089003 ],"[[-0.23718236  0.08430764]
 [ 0.02306264  0.59904889]]"
394,1,[0.37294304 0.9035168 ],"[[-0.60125405  0.03200018]
 [-0.02556911 -0.28883888]]"
395,1,[0.03309111 0.76934698],"[[-0.0824636   0.92308355]
 [ 0.63150372 -0.01022652]]"
396,1,[0.02893879 0.82171538],"[[ 0.99513714  0.09384828]
 [-0.03684462  0.68699217]]"
397,1,[0.85017883 0.32559515],"[[ 0.84456652 -0.95484452]
 [-0.27673492 -0.96395982]]"
398,1,[0.96435739 0.62378845],"[[ 0.71129799  0.26196206]
 [ 0.00765243 -0.76365579]]"
399,1,[0.8098225  0.78136408],"[[ 0.87020207  0.38377797]
 [-0.70944783  0.04287651]]"
400,16,[0.89302552 0.01314252],"[[-0.66458888  0.53275566]
 [-0.45015504 -0.40902792]]"
401,1,[0.91960313 0.68386335],"[[0.6266561  0.84478856]
 [0.14713728 0.81438326]]"
402,1,[0.47268921 0.92663396],"[[-0.77409071 -0.21841345]
 [-0.0782866  -0.68775271]]"
403,1,[0.37222377 0.89173689],"[[-0.90814678  0.28039552]
 [ 0.08741456 -0.32965876]]"
404,2,[0.69216912 0.64972112],"[[ 0.32534085 -0.77557551]
 [ 0.67103821 -0.24594408]]"
405,1,[0.67905788 0.62039554],"[[0.8504172  0.20496336]
 [0.18881149 0.38496385]]"
406,1,[0.6823348  0.37236433],"[[-0.47654433 -0.11211709]
 [ 0.42528691  0.08460221]]"
407,1,[0.9348176  0.29500841],"[[0.12066561 0.45185258]
 [0.51917214 0.83951877]]"
408,1,[0.93523564 0.03413996],"[[-0.13401162 -0.64686776]
 [-0.04909281 -0.88392605]]"
409,2,[0.39072824 0.67923589],"[[-0.15531072 -0.95425295]
 [ 0.67216291  0.46165645]]"
410,1,[0.36135217 0.08821186],"[[-0.97088634  0.450649  ]
 [-0.93195938 -0.28470691]]"
411,1,[0.14832418 0.58064992],"[[ 0.56655791  0.61503817]
 [ 0.93249013 -0.61810723]]"
412,9,[0.68399802 0.53632169],"[[ 0.46977725 -0.65697209]
 [ 0.57280005 -0.28484972]]"
413,8,[0.99620364 0.75839592],"[[-0.56717515  0.98740708]
 [-0.6615105  -0.10281278]]"
414,1,[0.52526009 0.59948327],"[[-0.088774    0.07119332]
 [ 0.89527527 -0.2169436 ]]"
415,1,[0.82972467 0.27536485],"[[-0.62247405 -0.60830247]
 [ 0.46015781 -0.54492749]]"
416,1,[0.8564176  0.42701509],"[[ 0.99769739  0.60987452]
 [-0.01780466 -0.88854563]]"
417,1,[0.11145701 0.22353184],"[[-0.28403336  0.13251646]
 [-0.78968008  0.94768811]]"
418,1,[0.34135868 0.76279579],"[[ 0.68589501  0.50789097]
 [-0.17766737  0.81496443]]"
419,1,[0.57405959 0.27447833],"[[ 0.4695658  -0.76599475]
 [-0.29440369 -0.93340746]]"
420,1,[0.15400494 0.49504696],"[[-0.64071574 -0.57495595]
 [-0.53250315 -0.60517392]]"
421,1,[0.54012902 0.39782669],"[[-0.52649507  0.76856971]
 [-0.13050573 -0.86658069]]"
422,2,[0.92194353 0.09445992],"[[ 0.58312899 -0.93628673]
 [-0.03946952  0.07541833]]"
423,3,[0.26979091 0.96402483],"[[-0.64697639  0.84746819]
 [-0.90843734  0.96560835]]"
424,1,[0.24982072 0.86951027],"[[-0.59170896 -0.42497178]
 [-0.91043645 -0.1688427 ]]"
425,3,[0.77723245 0.37003887],"[[ 0.64379713  0.87547991]
 [-0.89749368 -0.16911691]]"
426,1,[0.45405549 0.04509067],"[[ 0.96009947  0.01790779]
 [-0.86911984  0.46567415]]"
427,1,[0.0223543  0.85751893],"[[-0.37024552  0.35561537]
 [ 0.75218646  0.39447947]]"
428,1,[0.69242659 0.37596637],"[[-0.62394868  0.29616629]
 [-0.23876608 -0.54608158]]"
429,1,[0.4888438  0.17206417],"[[ 0.2843505  -0.55905656]
 [-0.9339734  -0.29160316]]"
430,2,[0.63413479 0.93269717],"[[-0.43106676 -0.27676144]
 [ 0.66944901 -0.01039198]]"
431,1,[0.40817735 0.61650656],"[[0.03909664 0.50826245]
 [0.68473444 0.97469244]]"
432,1,[0.74419444 0.2253999 ],"[[ 0.41490487 -0.15133832]
 [-0.18735387 -0.02790447]]"
433,1,[0.63476504 0.07083753],"[[-0.08998829  0.99790253]
 [ 0.98723909 -0.33505245]]"
434,11,[0.08681815 0.8943564 ],"[[-0.92992116  0.79405124]
 [-0.50887815  0.30002824]]"
435,1,[0.19767595 0.58582609],"[[ 0.73319862  0.26458799]
 [ 0.35084998 -0.22647285]]"
436,1,[0.56792484 0.95287845],"[[-0.34413779  0.35835083]
 [-0.43798662  0.93493898]]"
437,1,[0.50914701 0.38618454],"[[-0.04430839  0.53869782]
 [ 0.0698558  -0.00381921]]"
438,1,[0.96368772 0.60821613],"[[-0.65659478 -0.48703969]
 [ 0.06207036  0.36881447]]"
439,1,[0.62222245 0.8107847 ],"[[-0.52107201 -0.54682786]
 [-0.08836085  0.76671596]]"
440,1,[0.58630409 0.165826  ],"[[-0.8487929  -0.6774914 ]
 [-0.79298244 -0.33268313]]"
441,1,[0.11870104 0.17451006],"[[-0.67139745 -0.06177183]
 [ 0.09474092  0.89260433]]"
442,1,[0.79038895 0.88299952],"[[ 0.96234832 -0.52922468]
 [-0.78516808  0.77399345]]"
443,1,[0.24058084 0.77538134],"[[ 0.95907945  0.11409709]
 [-0.22908561 -0.16827137]]"
444,1,[0.53002908 0.50189772],"[[-0.34751964 -0.25761878]
 [-0.39137985 -0.45880444]]"
445,1,[0.3669544  0.86918279],"[[ 0.9954732   0.66855351]
 [-0.31025634  0.65576847]]"
446,1,[0.96839687 0.89744597],"[[-0.31859981 -0.28023705]
 [-0.1047145  -0.73829953]]"
447,1,[0.68553163 0.82081314],"[[-0.73960006  0.6230948 ]
 [ 0.35623425 -0.9982155 ]]"
448,1,[0.3411312 0.0050381],"[[-0.56331818  0.966022  ]
 [ 0.4693126   0.74688214]]"
449,1,[0.43887798 0.17754959],"[[ 0.98472069  0.19186814]
 [ 0.37665442 -0.51618145]]"
450,1,[0.60530274 0.35979053],"[[ 0.11712053 -0.81404341]
 [-0.32990586 -0.42171886]]"
451,1,[0.35706616 0.33198742],"[[ 0.19226002 -0.17802344]
 [-0.04200196 -0.37631388]]"
452,1,[0.01263429 0.87649984],"[[-0.82797925  0.25940353]
 [-0.15055097  0.56150025]]"
453,1,[0.65912809 0.51982927],"[[-0.9240877  -0.65767253]
 [-0.61799332 -0.37073854]]"
454,1,[0.10585183 0.88856156],"[[ 0.80678708 -0.06147776]
 [ 0.05879595 -0.44474407]]"
455,1,[0.69556788 0.3928457 ],"[[-0.30135071 -0.68834177]
 [ 0.97985677  0.98193575]]"
456,7,[0.24218954 0.4177943 ],"[[-0.37985382 -0.21267012]
 [ 0.75939904 -0.53477762]]"
457,2,[0.88132307 0.51130489],"[[-0.69654577 -0.76258509]
 [ 0.83717909  0.5884848 ]]"
458,1,[0.97586476 0.40120276],"[[-0.71653742 -0.77518671]
 [-0.23175599 -0.55966931]]"
459,1,[0.19765623 0.61509209],"[[ 0.50402898  0.56864738]
 [-0.44590771  0.50959298]]"
460,1,[0.96191495 0.53135095],"[[0.78859118 0.33213176]
 [0.54876953 0.37973735]]"
461,1,[0.79773179 0.60984836],"[[-0.480795   -0.50540558]
 [ 0.05377624 -0.33998227]]"
462,1,[0.11990215 0.36152575],"[[ 0.08235496  0.73445482]
 [ 0.63166187 -0.13973735]]"
463,1,[0.88641244 0.4852865 ],"[[-0.82971198 -0.45884966]
 [ 0.63756854 -0.17074362]]"
464,2,[0.76545641 0.82861748],"[[ 0.78396883  0.35747016]
 [-0.98099422 -0.33185274]]"
465,1,[0.90428938 0.44987475],"[[ 0.38764793  0.87087924]
 [ 0.16516892 -0.17317977]]"
466,1,[0.89616423 0.81537462],"[[-0.14734054  0.82004725]
 [-0.02806784  0.36399095]]"
467,1,[0.94209364 0.3179054 ],"[[ 0.59553588 -0.22000107]
 [ 0.02025655  0.42577794]]"
468,1,[0.94121213 0.29359583],"[[-0.93358785 -0.62439287]
 [-0.08458712  0.62357925]]"
469,1,[0.95958721 0.47939633],"[[ 0.35537992  0.07609965]
 [ 0.50265261 -0.62361912]]"
470,1,[0.71748525 0.57908293],"[[-0.83601094  0.67145628]
 [ 0.04971829 -0.15435075]]"
471,1,[0.09642745 0.91202714],"[[-0.87800047 -0.68990488]
 [-0.5417538  -0.32770755]]"
472,1,[0.69119941 0.26244321],"[[ 0.86163688  0.75352007]
 [ 0.01796937 -0.1342986 ]]"
473,1,[0.91959163 0.13421588],"[[-0.27339592 -0.89631505]
 [-0.75600757 -0.86450567]]"
474,1,[0.14377564 0.58479687],"[[ 0.21540642 -0.11618289]
 [ 0.29251752 -0.74778648]]"
475,4,[0.93886714 0.7178848 ],"[[ 0.81373487 -0.92158392]
 [-0.02691775  0.34612168]]"
476,1,[0.43815511 0.90720273],"[[-0.23544945 -0.29697418]
 [-0.29464969  0.53751032]]"
477,5,[0.54932653 0.09340547],"[[-0.89053425  0.92225552]
 [-0.11090491 -0.54066814]]"
478,1,[0.61806323 0.73043983],"[[-0.1531696   0.85089313]
 [ 0.27264498 -0.01590064]]"
479,4,[0.53058008 0.27844161],"[[ 0.61997807  0.34571555]
 [-0.83145951  0.5353287 ]]"
480,1,[0.9505245  0.80618341],"[[ 0.91986123 -0.33271984]
 [-0.09636782 -0.40047023]]"
481,1,[0.44238846 0.65583724],"[[-0.93176005  0.44044553]
 [-0.77419055 -0.92551779]]"
482,1,[0.48708411 0.62043416],"[[ 0.33809606 -0.81790509]
 [-0.25655042 -0.46098709]]"
483,1,[0.83015935 0.41052794],"[[-0.6710713   0.4451022 ]
 [ 0.52051064  0.56250019]]"
484,1,[0.6664406  0.55907047],"[[ 0.99829702  0.40855842]
 [-0.69004326 -0.50602409]]"
485,1,[0.80931871 0.20956364],"[[-0.90890054  0.41908026]
 [-0.1701294   0.98655901]]"
486,1,[0.25916157 0.50244057],"[[ 0.62525237 -0.56769696]
 [-0.47417319  0.97736962]]"
487,1,[0.76541228 0.94447455],"[[ 0.88474552 -0.99127193]
 [-0.98243392 -0.47153854]]"
488,1,[0.77150018 0.21828163],"[[-0.40854723 -0.97179613]
 [ 0.77044685  0.97603163]]"
489,1,[0.75440351 0.42775462],"[[-0.02612616 -0.7355565 ]
 [-0.03940616 -0.51278006]]"
490,7,[0.92364861 0.9621341 ],"[[ 0.14711656 -0.59054748]
 [ 0.49940807 -0.66502818]]"
491,1,[0.92447582 0.88286428],"[[ 0.42182948 -0.81394138]
 [-0.52715583  0.03617947]]"
492,1,[0.45293059 0.98680443],"[[-0.18882645 -0.34338308]
 [-0.53787567 -0.36562403]]"
493,1,[0.24416326 0.15065621],"[[0.6607275  0.77216527]
 [0.70200773 0.0991924 ]]"
494,1,[0.60352939 0.55152208],"[[ 0.32920463  0.44958284]
 [ 0.95827838 -0.30984715]]"
495,1,[0.01896454 0.17650118],"[[ 0.56938388 -0.62339424]
 [ 0.99120063  0.99311799]]"
496,1,[0.78255319 0.35431276],"[[-0.95330363  0.76902498]
 [ 0.55035846  0.53588933]]"
497,1,[0.11218726 0.82792006],"[[ 0.40097408 -0.91450436]
 [ 0.31049925 -0.58787627]]"
498,1,[0.72193886 0.30641059],"[[-0.01342418  0.10914199]
 [ 0.10863247 -0.7981296 ]]"
499,1,[0.07778645 0.2657508 ],"[[-0.08167415 -0.46951779]
 [-0.42871701 -0.49663326]]"
500,1,[0.64547983 0.12514241],"[[-0.42726914 -0.85606216]
 [-0.45460378  0.72928526]]"
501,1,[0.6716883  0.84395144],"[[ 0.0021957   0.49649575]
 [-0.160935    0.49786863]]"
502,1,[0.6863629  0.06884553],"[[0.83750601 0.76862671]
 [0.24782664 0.95345038]]"
503,1,[0.14862382 0.29680562],"[[ 0.20145507  0.26258627]
 [-0.06186665  0.95639801]]"
504,7,[0.74962179 0.73960699],"[[-0.0877686   0.99837893]
 [-0.7429122   0.67186755]]"
505,1,[0.02237042 0.5211466 ],"[[ 0.89191397 -0.31205335]
 [-0.47320646  0.70115932]]"
506,1,[0.05258042 0.53881046],"[[-0.93583115  0.3194799 ]
 [ 0.61950901 -0.01371807]]"
507,1,[0.93624418 0.65251888],"[[ 0.13377167  0.10277405]
 [-0.2589492  -0.54452924]]"
508,1,[0.78641993 0.91202722],"[[-0.17055503  0.66779639]
 [ 0.57056254  0.54209658]]"
509,1,[0.83746342 0.07553833],"[[-0.45609363 -0.11942446]
 [-0.21688932 -0.65044247]]"
510,1,[0.41683798 0.38649781],"[[ 0.90935744 -0.28893225]
 [ 0.15103699 -0.66031809]]"
511,1,[0.98265357 0.05670802],"[[-0.22243461 -0.6319352 ]
 [-0.33352183  0.53569768]]"
512,1,[0.31835267 0.7767117 ],"[[ 0.59117346  0.91907994]
 [-0.02759597 -0.31596246]]"
513,1,[0.24464282 0.99747143],"[[-0.70637987  0.95822405]
 [ 0.3455133  -0.9765383 ]]"
514,1,[0.21599752 0.12012387],"[[-0.65797501 -0.70733353]
 [-0.12270524  0.82791164]]"
515,1,[0.22010398 0.02977032],"[[-0.96752982  0.08820632]
 [-0.60123161 -0.62956935]]"
516,1,[0.61651375 0.70140309],"[[-0.74594478 -0.53129387]
 [ 0.22825204  0.4429652 ]]"
517,1,[0.62146418 0.65521766],"[[-0.61690482  0.64001283]
 [ 0.85855071  0.22463284]]"
518,2,[0.65780996 0.31038277],"[[-0.39982454 -0.21391483]
 [-0.10006032  0.62720665]]"
519,1,[0.03029264 0.96031651],"[[ 0.93680705 -0.23711995]
 [ 0.61620079 -0.4066069 ]]"
520,1,[0.17102054 0.43385157],"[[-0.51494084 -0.91256824]
 [-0.54166188  0.8494814 ]]"
521,1,[0.35961243 0.28270692],"[[ 0.58361108  0.34166551]
 [ 0.62737127 -0.1273986 ]]"
522,1,[0.78394036 0.06425539],"[[-0.38488021  0.61267265]
 [ 0.3652348   0.59285391]]"
523,8,[0.82828564 0.80252685],"[[-0.85012218  0.76688137]
 [-0.25932474 -0.63879342]]"
524,1,[0.69544162 0.7359943 ],"[[-0.96936643  0.90027693]
 [-0.07358661 -0.99146751]]"
525,1,[0.05029338 0.39895003],"[[-0.46053016 -0.13402784]
 [ 0.58884226 -0.84691059]]"
526,1,[0.37905332 0.151093  ],"[[0.85187976 0.44517415]
 [0.56244817 0.70303377]]"
527,1,[0.51028052 0.37852945],"[[-0.16931294 -0.90446846]
 [-0.72785435  0.5464065 ]]"
528,1,[0.67325878 0.1525593 ],"[[ 0.71283363 -0.82359228]
 [-0.8056937  -0.28091613]]"
529,1,[0.91537236 0.71711727],"[[-0.6988168   0.3568323 ]
 [-0.65889293 -0.02972493]]"
530,3,[0.39557824 0.23875682],"[[ 0.3772239   0.64413939]
 [-0.51785286 -0.1404989 ]]"
531,5,[0.57693907 0.70295881],"[[-0.95878321 -0.92530239]
 [ 0.99153257 -0.38775844]]"
532,4,[0.87422624 0.79931186],"[[-0.26379769 -0.0032136 ]
 [ 0.38049913 -0.28248954]]"
533,1,[0.44249233 0.61945559],"[[0.70076089 0.85144089]
 [0.17006079 0.59778055]]"
534,1,[0.36249775 0.25173951],"[[ 0.23535023  0.33336232]
 [-0.13606387 -0.13824255]]"
535,1,[0.01352647 0.86487231],"[[-0.38199073  0.56388709]
 [ 0.74448806 -0.69847357]]"
536,1,[0.33538179 0.16646876],"[[-0.94830749 -0.46735727]
 [-0.60967136 -0.92368696]]"
537,1,[0.37005512 0.69523259],"[[-0.98054963  0.57552607]
 [-0.27179665 -0.06140467]]"
538,4,[0.22566479 0.32171603],"[[ 0.27007121  0.26356411]
 [-0.90871366 -0.17858685]]"
539,1,[0.1802969  0.27061954],"[[ 0.71549079  0.88209531]
 [-0.48778892  0.0797301 ]]"
540,1,[0.56989334 0.64523129],"[[-0.13446199  0.83170693]
 [ 0.05312326 -0.08255975]]"
541,1,[0.84113885 0.22693586],"[[ 0.35585682  0.35034922]
 [ 0.71961618 -0.19987329]]"
542,1,[0.41647788 0.62688428],"[[ 0.22287292  0.91527025]
 [-0.25421386  0.23181438]]"
543,1,[0.43901858 0.35762599],"[[-0.71558951  0.439839  ]
 [ 0.29089073  0.35444243]]"
544,17,[0.09742946 0.19340169],"[[ 0.53355488 -0.4149768 ]
 [ 0.48997904 -0.17345835]]"
545,1,[0.82903015 0.85180784],"[[-0.28525595 -0.82779563]
 [ 0.16436018  0.39208868]]"
546,1,[0.11973487 0.17121305],"[[ 0.76076005 -0.0873371 ]
 [-0.36851937  0.05438154]]"
547,1,[0.44042866 0.09297931],"[[0.13141419 0.65148357]
 [0.78863192 0.14090534]]"
548,1,[0.9067722  0.87194955],"[[-0.04289876  0.6365568 ]
 [ 0.55402911 -0.06006136]]"
549,2,[0.19084948 0.63620777],"[[-0.8445976   0.66440493]
 [ 0.63236792 -0.17504943]]"
550,1,[0.31199578 0.93475857],"[[ 0.69913166 -0.45318425]
 [-0.70046191  0.02293583]]"
551,2,[0.77687426 0.90097967],"[[-0.02519618  0.80750552]
 [-0.86913935  0.06344238]]"
552,1,[0.23535915 0.80746547],"[[-0.91153309 -0.9515014 ]
 [-0.90752259 -0.30635427]]"
553,1,[0.74454562 0.62821768],"[[ 0.66484247  0.77805143]
 [-0.27160071  0.95585179]]"
554,6,[0.902426  0.9183372],"[[ 0.60328384 -0.53444388]
 [-0.04431915  0.30397588]]"
555,1,[0.20343308 0.57780512],"[[0.60383057 0.51671755]
 [0.80145901 0.96901348]]"
556,1,[0.3110768  0.44885473],"[[ 0.47437399 -0.40473796]
 [-0.21650792  0.88825307]]"
557,1,[0.29348804 0.55508522],"[[ 0.37232798 -0.3314515 ]
 [ 0.22136705 -0.88548876]]"
558,1,[0.31828048 0.81932794],"[[-0.95350884  0.06013069]
 [-0.35307137 -0.23411108]]"
559,1,[0.29904231 0.76189432],"[[ 0.16791381  0.26649838]
 [ 0.40103168 -0.53300018]]"
560,1,[0.84667363 0.70137722],"[[-0.56081613 -0.42800802]
 [-0.97037151  0.97077366]]"
561,4,[0.37946926 0.02322077],"[[-0.14305328  0.35421564]
 [-0.71266174 -0.12688101]]"
562,1,[0.50159544 0.48942803],"[[-0.7869156  -0.0316914 ]
 [-0.85737048 -0.78642602]]"
563,1,[0.76484086 0.88682034],"[[ 0.94697913 -0.6141781 ]
 [-0.26853498 -0.96824097]]"
564,1,[0.07673138 0.08213621],"[[ 0.51159654  0.28882652]
 [-0.03793441  0.91450351]]"
565,1,[0.16097334 0.03171124],"[[-0.08219836  0.03609616]
 [-0.67248424  0.66123483]]"
566,1,[0.47298176 0.33846633],"[[ 0.33024847 -0.12380052]
 [ 0.52186611  0.05727043]]"
567,1,[0.83303216 0.79621017],"[[ 0.20511344  0.08910026]
 [ 0.52685715 -0.41450532]]"
568,1,[0.72260416 0.47429198],"[[ 0.58554342 -0.39464362]
 [-0.24729834  0.14984892]]"
569,1,[0.93189191 0.33634662],"[[-0.69415689 -0.5135429 ]
 [ 0.52923189  0.10603427]]"
570,1,[0.93107937 0.13324854],"[[-0.89418319 -0.59269488]
 [-0.16375845  0.23482764]]"
571,1,[0.49310825 0.10035085],"[[ 0.43748588 -0.28459849]
 [ 0.47835362 -0.09153756]]"
572,1,[0.41271254 0.80562029],"[[-0.94583876  0.00667772]
 [ 0.48341282  0.82374519]]"
573,1,[0.68402327 0.78874284],"[[-0.64895111 -0.1074398 ]
 [ 0.32003901 -0.99482473]]"
574,1,[0.98528895 0.72676092],"[[-0.22142999 -0.06761637]
 [-0.45970227 -0.34855209]]"
575,1,[0.57003993 0.14485064],"[[-0.61132227 -0.23243317]
 [ 0.27626538 -0.68175621]]"
576,1,[0.91722238 0.94398432],"[[ 0.43076166  0.9875725 ]
 [-0.36188922  0.74506419]]"
577,1,[0.03586441 0.19061446],"[[ 0.7953516  -0.59111162]
 [-0.48291419  0.47563364]]"
578,1,[0.04960401 0.7171408 ],"[[-0.15291421 -0.19925507]
 [-0.23665493 -0.19975435]]"
579,1,[0.33971365 0.11946933],"[[-0.08583872  0.33594578]
 [ 0.4070469   0.9213905 ]]"
580,1,[0.27892305 0.74165218],"[[-0.3938892   0.07711428]
 [-0.15881436  0.73585026]]"
581,1,[0.26349109 0.25650999],"[[ 0.94093784  0.58650385]
 [-0.00348839 -0.53719528]]"
582,2,[0.60167207 0.92629826],"[[ 0.08095529  0.7063428 ]
 [-0.36702883 -0.46684493]]"
583,1,[0.27638686 0.67816695],"[[ 0.51226702 -0.02293358]
 [ 0.51075779 -0.27664045]]"
584,1,[0.84499623 0.69118898],"[[ 0.21125921 -0.36202798]
 [-0.07556586 -0.59437649]]"
585,1,[0.74862876 0.51984719],"[[-0.57543802 -0.46988383]
 [-0.40732582  0.40865526]]"
586,1,[0.90959865 0.56889097],"[[ 0.30542783  0.4813881 ]
 [-0.26140116 -0.82231081]]"
587,1,[0.61126003 0.44428219],"[[ 0.02101795  0.00248465]
 [-0.45206466 -0.89125661]]"
588,1,[0.55032375 0.40273019],"[[ 0.9980188  -0.40725982]
 [ 0.69553093  0.36024508]]"
589,1,[0.21180788 0.38119311],"[[0.84034051 0.41382421]
 [0.74715503 0.89113741]]"
590,2,[0.21206717 0.06751186],"[[-0.48592881  0.10898485]
 [ 0.22935783  0.60036001]]"
591,3,[0.01242698 0.10345054],"[[-0.49733406 -0.63315373]
 [ 0.80490594 -0.23131308]]"
592,1,[0.59724413 0.7702302 ],"[[-0.58296892 -0.38441642]
 [ 0.32547047  0.77787728]]"
593,1,[0.81116642 0.77261318],"[[-0.30164432  0.13704194]
 [ 0.08292361  0.15919509]]"
594,1,[0.24078701 0.58121366],"[[-0.00767753  0.31747128]
 [ 0.98696262  0.63014195]]"
595,1,[0.71718324 0.48716249],"[[-0.33530124  0.82331376]
 [ 0.16358432  0.70679879]]"
596,1,[0.13688337 0.51334643],"[[-0.45539116  0.43964657]
 [ 0.28834622 -0.93576684]]"
597,1,[0.63904311 0.17979415],"[[-0.90729526  0.54942542]
 [ 0.53185482 -0.20587018]]"
598,1,[0.14617802 0.41163857],"[[ 0.7219786  -0.42476853]
 [-0.07444671  0.50526235]]"
599,1,[0.27209502 0.53303767],"[[ 0.85482898 -0.90687907]
 [-0.65079305 -0.21576268]]"
600,1,[0.83778054 0.96271131],"[[-0.8205713   0.7085447 ]
 [-0.16934293  0.79635825]]"
601,2,[0.57672981 0.53336872],"[[ 0.26024154 -0.65180541]
 [ 0.95762201 -0.56873898]]"
602,2,[0.32130065 0.4110796 ],"[[ 0.80150953  0.83409094]
 [-0.96747809 -0.39266582]]"
603,1,[0.39762795 0.61849372],"[[-0.26138703 -0.97583097]
 [ 0.3910468  -0.41567971]]"
604,1,[0.58142953 0.09535905],"[[ 0.25012973 -0.99689929]
 [-0.41975931 -0.74722222]]"
605,1,[0.27303058 0.31732893],"[[-0.40273917  0.42795913]
 [ 0.47860871  0.08725776]]"
606,2,[0.62782132 0.14004334],"[[-0.41944801  0.38931378]
 [ 0.45547569 -0.30430588]]"
607,5,[0.93182947 0.4822864 ],"[[ 0.57969954 -0.79983302]
 [ 0.85356305  0.56354464]]"
608,1,[0.61069109 0.83511228],"[[-0.87127269 -0.89690669]
 [-0.60786286  0.59638181]]"
609,1,[0.50645955 0.31467812],"[[ 0.61581717 -0.11715018]
 [-0.85145273 -0.32917202]]"
610,19,[0.32675732 0.36110211],"[[ 0.46737615 -0.2433373 ]
 [-0.95358236  0.75659352]]"
611,1,[0.61603259 0.9426933 ],"[[-0.49755058  0.74683922]
 [ 0.94955549 -0.50004922]]"
612,2,[0.59404636 0.73451697],"[[ 0.70241305 -0.80082279]
 [-0.77562179  0.19003844]]"
613,1,[0.18460002 0.50942557],"[[ 0.9289163  -0.68920159]
 [-0.86165041 -0.56619669]]"
614,1,[0.77320588 0.94560387],"[[-0.90216167  0.56426887]
 [-0.69728747  0.24887956]]"
615,1,[0.92851986 0.94512213],"[[0.50996841 0.8319084 ]
 [0.4837693  0.1719057 ]]"
616,1,[0.41521837 0.59267201],"[[-0.37454204 -0.59352304]
 [-0.77246777 -0.66410622]]"
617,1,[0.81625617 0.1434847 ],"[[-0.33104894  0.4995251 ]
 [ 0.75758878  0.21792709]]"
618,10,[0.00265245 0.68786847],"[[ 0.53278771 -0.77247966]
 [ 0.03502985  0.40938494]]"
619,1,[0.73285331 0.26679927],"[[-0.57669428 -0.64083028]
 [-0.22172864  0.7335688 ]]"
620,1,[0.29773059 0.26640286],"[[-0.33447599  0.59434636]
 [ 0.67235789  0.32485663]]"
621,1,[0.31873211 0.11557125],"[[ 0.64361838 -0.07558838]
 [-0.4151701  -0.44463107]]"
622,1,[0.60067912 0.60220271],"[[-0.33148887 -0.84045189]
 [-0.95301226 -0.98776122]]"
623,1,[0.36419399 0.12135475],"[[-0.06404675  0.94406812]
 [ 0.62547374  0.96119419]]"
624,1,[0.88408234 0.60969167],"[[-0.82799891  0.15653854]
 [-0.46755558  0.53833665]]"
625,1,[0.77816156 0.71131314],"[[0.70572844 0.32323973]
 [0.39888605 0.50963846]]"
626,1,[0.64735611 0.08457868],"[[ 0.74488222 -0.09228941]
 [-0.93673537 -0.90232393]]"
627,1,[0.94659627 0.40243055],"[[ 0.33353127  0.35453051]
 [-0.53048079 -0.81488636]]"
628,1,[0.91027936 0.70531091],"[[ 0.24640534 -0.81760173]
 [-0.01888954 -0.78321145]]"
629,1,[0.61340252 0.32128161],"[[-0.0534434  -0.25427241]
 [ 0.18069144  0.49408121]]"
630,20,[0.27826523 0.43270682],"[[-0.8618652   0.61828151]
 [ 0.22113013 -0.6116229 ]]"
631,4,[0.62695195 0.91824307],"[[ 0.67915467 -0.88266805]
 [ 0.26856069  0.56193165]]"
632,1,[0.26784227 0.38259471],"[[0.04741086 0.57309826]
 [0.33092041 0.23322185]]"
633,7,[0.63178451 0.57587712],"[[ 0.18070659 -0.60115377]
 [ 0.81477372 -0.86366512]]"
634,1,[0.70009879 0.62102864],"[[-0.72895157  0.65391293]
 [ 0.31869171  0.57131385]]"
635,1,[0.19987301 0.28833943],"[[-0.42953882 -0.87377841]
 [-0.11318454 -0.84469163]]"
636,1,[0.54312814 0.91028042],"[[ 0.35527027  0.06299586]
 [ 0.24977713 -0.29153144]]"
637,1,[0.56264997 0.09827055],"[[ 0.52177032 -0.23993203]
 [-0.51187138 -0.42467189]]"
638,4,[0.42937269 0.32498364],"[[ 0.79482072  0.8034289 ]
 [-0.95549811  0.19696189]]"
639,1,[0.39819624 0.54926566],"[[-0.97438868 -0.76889918]
 [ 0.73880684  0.41614557]]"
640,3,[0.78809148 0.48682498],"[[-0.11531414 -0.66596418]
 [ 0.80086137 -0.54039487]]"
641,1,[0.03819704 0.27181322],"[[ 0.80148201 -0.97127317]
 [-0.79505944  0.11013392]]"
642,1,[0.91617857 0.21822501],"[[-0.97873536 -0.9884086 ]
 [ 0.81916433 -0.18991466]]"
643,1,[0.05590359 0.15436596],"[[ 0.91301839 -0.05227209]
 [-0.03783982  0.16208649]]"
644,2,[0.97019485 0.56992448],"[[ 0.22241228  0.16892999]
 [ 0.71851663 -0.80729154]]"
645,1,[0.38277533 0.76852646],"[[ 0.97773609 -0.10170243]
 [ 0.28226545  0.15009608]]"
646,1,[0.22415601 0.83583888],"[[-0.48464834  0.24716962]
 [ 0.1040474  -0.44579065]]"
647,1,[0.67575174 0.20927549],"[[ 0.86819909 -0.72395482]
 [ 0.40056165 -0.54298115]]"
648,1,[0.43974356 0.95333195],"[[-0.47395994  0.36124507]
 [ 0.04331976  0.98013311]]"
649,1,[0.40973545 0.3608655 ],"[[0.74171828 0.39622393]
 [0.13552598 0.48802507]]"
650,1,[0.42182227 0.37391931],"[[ 0.00357148  0.55878664]
 [-0.2921246   0.7679572 ]]"
651,1,[0.7333664  0.19593462],"[[-0.53050061 -0.15527951]
 [-0.45282728 -0.38685096]]"
652,1,[0.38667578 0.48419411],"[[0.06516498 0.46432411]
 [0.12553948 0.47765645]]"
653,1,[0.33123846 0.78557833],"[[-0.55672908 -0.79375894]
 [ 0.48062565 -0.03022926]]"
654,1,[0.63390494 0.34418914],"[[ 0.47517746 -0.73935441]
 [-0.65251271  0.17048276]]"
655,1,[0.42811654 0.8037615 ],"[[-0.54661475  0.37212235]
 [-0.4981918   0.97015769]]"
656,2,[0.89826812 0.29067885],"[[-0.04340474  0.44825336]
 [-0.74506133  0.31212459]]"
657,1,[0.14642902 0.96542235],"[[ 0.08807233 -0.94146077]
 [-0.55484884 -0.3846185 ]]"
658,1,[0.92701083 0.42951942],"[[ 0.96430281 -0.55050385]
 [ 0.9728264  -0.77639808]]"
659,4,[0.90436426 0.12906527],"[[ 0.18228949 -0.81746136]
 [ 0.9842108   0.70807565]]"
660,1,[0.12566143 0.94642599],"[[-0.76695349  0.70606603]
 [ 0.55765204 -0.81001946]]"
661,1,[0.56712168 0.64585359],"[[-0.88094341 -0.92687795]
 [-0.35752035  0.65600712]]"
662,1,[0.88297021 0.11554913],"[[-0.85246832 -0.78045439]
 [ 0.56037404  0.46206841]]"
663,4,[0.11010483 0.33031334],"[[ 0.28869749  0.53374949]
 [-0.61323271  0.38164007]]"
664,11,[0.95841387 0.73645088],"[[ 0.00230884  0.16810942]
 [-0.89662278  0.73210928]]"
665,1,[0.50492438 0.96571232],"[[ 0.89086011  0.39341676]
 [-0.73784506 -0.28597231]]"
666,1,[0.55826211 0.87223432],"[[ 0.49994234  0.05787265]
 [-0.99293672 -0.85158775]]"
667,1,[0.33992752 0.72095146],"[[ 0.69146099 -0.76298533]
 [-0.7699636  -0.77297835]]"
668,1,[0.47420825 0.69829177],"[[ 0.14376081 -0.86890664]
 [-0.42309556 -0.7656412 ]]"
669,8,[0.16503715 0.00131763],"[[-0.67046307  0.73873533]
 [-0.87290935  0.43270673]]"
670,4,[0.27030963 0.8179697 ],"[[ 0.15792196  0.70580123]
 [-0.59351633  0.45158669]]"
671,17,[0.21438666 0.83220617],"[[-0.5815881   0.45436127]
 [-0.71595784  0.18210741]]"
672,1,[0.36831032 0.38750722],"[[ 0.12415105 -0.78222811]
 [-0.30840499 -0.96106864]]"
673,1,[0.45627501 0.06859063],"[[ 0.43324685 -0.27075768]
 [-0.45763884 -0.99882427]]"
674,2,[0.43804484 0.95040765],"[[-0.40295655 -0.41883234]
 [-0.70928259  0.93748693]]"
675,1,[0.39339795 0.62681514],"[[-0.961444   -0.72209076]
 [ 0.69681234 -0.51673969]]"
676,1,[0.73457019 0.49282003],"[[ 0.76134453 -0.07871588]
 [ 0.48052457 -0.62376409]]"
677,1,[0.28408468 0.48896355],"[[-0.85579833  0.67940377]
 [-0.99100372 -0.81624385]]"
678,1,[0.94647836 0.99199425],"[[ 0.60120445  0.54443352]
 [-0.59135563 -0.2740916 ]]"
679,1,[0.83408543 0.76236597],"[[ 0.38948918 -0.55232743]
 [-0.07724873  0.74681053]]"
680,6,[0.35105873 0.64573951],"[[ 0.35616501  0.82710571]
 [-0.59397372  0.5104172 ]]"
681,1,[0.95540049 0.46598384],"[[-0.41417047  0.34865871]
 [ 0.70089544 -0.55791702]]"
682,1,[0.36335798 0.34069293],"[[ 0.73701765  0.55829963]
 [ 0.26111977 -0.26944602]]"
683,1,[0.68427768 0.22012449],"[[0.73507103 0.8498553 ]
 [0.73306288 0.85267207]]"
684,3,[0.28415867 0.80001397],"[[ 0.55232688 -0.10550864]
 [-0.95946403  0.5769666 ]]"
685,1,[0.73638681 0.63788659],"[[-0.94091549 -0.4630178 ]
 [ 0.11555234  0.9641698 ]]"
686,1,[0.20992437 0.79691055],"[[-0.84153063 -0.9960811 ]
 [ 0.40272709 -0.01539801]]"
687,1,[0.60537039 0.59614179],"[[ 0.48783304 -0.84213299]
 [-0.06793312 -0.76782252]]"
688,4,[0.04502201 0.17345158],"[[ 0.42501976 -0.94571391]
 [ 0.64218545  0.7768981 ]]"
689,1,[0.63389698 0.63720615],"[[0.31915327 0.55081297]
 [0.4514233  0.374521  ]]"
690,1,[0.40894431 0.62817837],"[[ 0.42219943  0.62773767]
 [-0.12881952 -0.54040662]]"
691,1,[0.15227939 0.0083839 ],"[[ 0.68852623 -0.14727093]
 [-0.66203533  0.9258599 ]]"
692,1,[0.79653843 0.84356451],"[[-0.24557578 -0.29416126]
 [-0.72336762 -0.56844245]]"
693,3,[0.27354584 0.41532214],"[[-0.22339461 -0.44062374]
 [ 0.79008628  0.33398343]]"
694,1,[0.32512928 0.31311707],"[[-0.26032397 -0.03439712]
 [-0.55638285 -0.07649159]]"
695,1,[0.36209301 0.84360106],"[[ 0.77664614  0.22473158]
 [-0.69106269 -0.01408801]]"
696,1,[0.8625864  0.70666994],"[[ 0.71497967 -0.68943259]
 [-0.01947846 -0.59661157]]"
697,1,[0.2002231  0.03008806],"[[ 0.68785528 -0.27842103]
 [ 0.70040186 -0.43715351]]"
698,1,[0.6825904  0.61962955],"[[ 0.65630908 -0.43248089]
 [-0.03623716  0.68227953]]"
699,1,[0.94888854 0.33764351],"[[-0.7356844   0.121136  ]
 [ 0.27722211 -0.66266382]]"
700,2,[0.66688112 0.93292736],"[[ 0.81288591 -0.23425033]
 [ 0.53124662 -0.91913417]]"
701,1,[0.15456069 0.1501775 ],"[[-0.40506324  0.29324408]
 [ 0.66454527  0.83280841]]"
702,1,[0.85772512 0.91821837],"[[ 0.69981551 -0.41599747]
 [ 0.54442026  0.52953291]]"
703,5,[0.49610595 0.97671062],"[[ 0.07357678 -0.19074318]
 [ 0.49299716 -0.17641388]]"
704,1,[0.34237019 0.13784151],"[[ 0.02773947  0.00472872]
 [-0.89651625 -0.65068522]]"
705,3,[0.00149555 0.67662391],"[[-0.0095198  -0.4592816 ]
 [ 0.44124116 -0.26642481]]"
706,1,[0.95605256 0.60800065],"[[ 0.2016096  -0.08779185]
 [ 0.67979637 -0.08038621]]"
707,6,[0.70261847 0.78522244],"[[-0.35183221 -0.04651165]
 [ 0.39953307 -0.34876439]]"
708,1,[0.91741175 0.77989298],"[[ 0.87803001 -0.50332729]
 [ 0.8115495  -0.2408873 ]]"
709,1,[0.22636188 0.70950275],"[[ 0.19992397 -0.50593832]
 [-0.6445649   0.15143137]]"
710,1,[0.86462358 0.1108883 ],"[[-0.7631936   0.30990603]
 [-0.56685638 -0.76943474]]"
711,1,[0.0311536  0.35420847],"[[-0.42808269 -0.13846013]
 [ 0.2333666   0.3524354 ]]"
712,10,[0.68762358 0.41429821],"[[-0.58619095  0.76483617]
 [-0.3702405  -0.23446683]]"
713,1,[0.84581002 0.23520994],"[[-0.83866732 -0.67290515]
 [-0.24952557 -0.32828135]]"
714,1,[0.54995823 0.52703512],"[[ 0.53479233  0.47476207]
 [-0.18607596 -0.62938579]]"
715,9,[0.87963514 0.9712032 ],"[[ 0.24642825 -0.47490415]
 [ 0.88179731 -0.39096667]]"
716,1,[0.64347976 0.81505873],"[[-0.20794976 -0.72264871]
 [ 0.09966255  0.01351102]]"
717,1,[0.02152508 0.53988138],"[[-0.11226443 -0.71041137]
 [-0.85775809  0.09753385]]"
718,1,[0.05382549 0.0690468 ],"[[ 0.82292752 -0.05397275]
 [ 0.08053658  0.93559998]]"
719,1,[0.76641357 0.17428392],"[[0.36866748 0.83222196]
 [0.43811395 0.35544879]]"
720,1,[0.97325184 0.08709236],"[[-0.44707807 -0.8937341 ]
 [ 0.26274252 -0.26463626]]"
721,1,[0.68321916 0.29380008],"[[ 0.23890913 -0.76142608]
 [-0.35477017  0.03249651]]"
722,1,[0.98386975 0.80861281],"[[ 0.13930849  0.89827203]
 [-0.12653919  0.59918591]]"
723,1,[0.33214736 0.60482083],"[[ 0.78811523 -0.98023194]
 [-0.9936098  -0.41308451]]"
724,1,[0.63208351 0.64311146],"[[ 0.47324865  0.9438765 ]
 [-0.23821898 -0.34845847]]"
725,1,[0.37193097 0.6835535 ],"[[-0.43081996  0.07990213]
 [ 0.59942106  0.54192949]]"
726,1,[0.24668838 0.32588703],"[[-0.10360389  0.54748632]
 [-0.0909165  -0.55184838]]"
727,1,[0.19754518 0.86248536],"[[ 0.39718046  0.1907457 ]
 [-0.10176447 -0.67735041]]"
728,1,[0.53859327 0.46404044],"[[-0.98575353 -0.60668699]
 [-0.18595232 -0.41168347]]"
729,2,[0.89493028 0.46928167],"[[-0.1420191   0.84744904]
 [ 0.21246327 -0.58848419]]"
730,2,[0.33281053 0.80288817],"[[ 0.52439052 -0.44317881]
 [-0.54190917  0.30618011]]"
731,1,[0.48010974 0.21926624],"[[ 0.00784562  0.61749362]
 [ 0.67614313 -0.02841388]]"
732,5,[0.70093199 0.2863725 ],"[[-0.96346824  0.90965623]
 [-0.45849092 -0.4046623 ]]"
733,1,[0.55581048 0.03337416],"[[-0.72983099  0.67895764]
 [ 0.42675737 -0.12003907]]"
734,11,[0.27825737 0.22320946],"[[ 0.31426877  0.32266032]
 [-0.7005722   0.9541253 ]]"
735,1,[0.22292627 0.47081957],"[[-0.33763011  0.67090609]
 [ 0.47589706  0.00707635]]"
736,5,[0.65819066 0.55516866],"[[-0.81011236  0.7634453 ]
 [-0.32530836 -0.32558873]]"
737,1,[0.93545925 0.68607966],"[[ 0.52289296  0.32987601]
 [ 0.6915027  -0.87556466]]"
738,1,[0.51386539 0.60397052],"[[-0.72415579 -0.45179274]
 [-0.61479501  0.46538821]]"
739,3,[0.90685784 0.75667941],"[[-0.62480988  0.17629271]
 [ 0.87196787 -0.36419858]]"
740,6,[0.99810912 0.28027207],"[[-0.8954361   0.34175797]
 [ 0.94287751 -0.59006642]]"
741,1,[0.88508173 0.3696565 ],"[[-0.97939715  0.41194018]
 [ 0.88753179  0.78401734]]"
742,1,[0.04582777 0.48997013],"[[0.83748037 0.80300448]
 [0.07485592 0.32661242]]"
743,1,[0.9420366  0.18365995],"[[-0.66580277 -0.84146437]
 [ 0.43301073 -0.81769608]]"
744,8,[0.92328017 0.69210191],"[[-0.1896188  -0.89115734]
 [ 0.7008929  -0.86145161]]"
745,1,[0.37684003 0.81937233],"[[-0.77138685 -0.04305066]
 [-0.49121794  0.25576217]]"
746,1,[0.15412535 0.67518197],"[[-0.97510339  0.47307738]
 [ 0.55721567 -0.64849397]]"
747,1,[0.31832848 0.82022449],"[[0.33343761 0.32455571]
 [0.86998873 0.07842548]]"
748,1,[0.29310245 0.45256042],"[[ 0.16814445 -0.40038064]
 [-0.0532275   0.11115188]]"
749,1,[0.54704301 0.56584787],"[[-0.48717525 -0.98869099]
 [ 0.10434742  0.63539498]]"
750,1,[0.29653319 0.54253014],"[[ 0.98781498 -0.23447564]
 [-0.2829675  -0.33076606]]"
751,2,[0.21380842 0.16847403],"[[-0.13834642 -0.63728706]
 [ 0.66159503  0.16434047]]"
752,2,[0.48397173 0.18981495],"[[-0.06170831 -0.12056674]
 [ 0.92057022 -0.47755593]]"
753,1,[0.98548723 0.2409079 ],"[[ 0.74376419  0.90680265]
 [-0.61759478 -0.18074497]]"
754,5,[0.2475024  0.17967465],"[[ 0.46184585 -0.21031376]
 [-0.74467125  0.40100491]]"
755,1,[0.96937614 0.36138122],"[[ 0.85015515  0.53281268]
 [-0.62182624  0.07675572]]"
756,1,[0.54896535 0.66725801],"[[0.61264528 0.2583217 ]
 [0.15893856 0.07236419]]"
757,1,[0.47199518 0.43928543],"[[ 0.8093249  -0.3236163 ]
 [ 0.13428052 -0.95499093]]"
758,2,[0.23532903 0.03010331],"[[ 0.04978389 -0.55269795]
 [ 0.50748568  0.12702826]]"
759,1,[0.20368418 0.96980578],"[[-0.25293205 -0.54099565]
 [-0.55819227  0.54954704]]"
760,6,[0.81222997 0.66733111],"[[ 0.15571889  0.40654836]
 [-0.74622181  0.90010024]]"
761,1,[0.75679777 0.08896241],"[[-0.51667492 -0.10133833]
 [-0.10351923 -0.72441906]]"
762,1,[0.87788923 0.47036051],"[[0.92245256 0.4886578 ]
 [0.37530484 0.52417651]]"
763,1,[0.74963164 0.79188335],"[[-0.82384289  0.26065058]
 [ 0.23662999 -0.25118387]]"
764,1,[0.93787168 0.90316355],"[[-0.74441004 -0.16483064]
 [ 0.41342874  0.33213874]]"
765,1,[0.95708324 0.87927398],"[[ 0.86747885  0.03686342]
 [-0.52823526  0.70657344]]"
766,1,[0.6869014 0.3586313],"[[-0.72211298 -0.93090145]
 [ 0.70407373  0.30249339]]"
767,1,[0.80237177 0.71084023],"[[-0.22541113  0.05436759]
 [ 0.48463734 -0.83455969]]"
768,1,[0.50414281 0.64924776],"[[-0.65344878  0.44676406]
 [-0.0320166  -0.14507033]]"
769,1,[0.93448331 0.85750847],"[[ 0.93308367  0.04075826]
 [ 0.86612025 -0.40491578]]"
770,1,[0.47036121 0.946574  ],"[[-0.40248221  0.82352789]
 [ 0.70567916 -0.14252569]]"
771,1,[0.3115068  0.75322317],"[[-0.56598139  0.33895284]
 [-0.71341432  0.4969061 ]]"
772,1,[0.09560533 0.66051575],"[[ 0.40088937 -0.49049511]
 [-0.67856198 -0.61136285]]"
773,1,[0.82699241 0.16116833],"[[-0.12275594 -0.52225756]
 [ 0.44827633 -0.96179009]]"
774,1,[0.53505074 0.81680881],"[[-0.02978993  0.79216811]
 [ 0.82402328 -0.07328342]]"
775,1,[0.98586248 0.0617176 ],"[[-0.91757416 -0.65835357]
 [-0.70223443 -0.18201566]]"
776,1,[0.6517392  0.57685065],"[[-0.39195846 -0.02054065]
 [-0.18928209  0.48231826]]"
777,2,[0.19812812 0.12423773],"[[ 0.09767883 -0.57800073]
 [-0.82585726  0.95970589]]"
778,1,[0.18682525 0.48552988],"[[ 0.38993339 -0.27042807]
 [-0.49596923  0.42791046]]"
779,4,[0.2439988  0.22838651],"[[ 0.41625509 -0.77727202]
 [ 0.83193202  0.42556821]]"
780,3,[0.75591784 0.99284204],"[[ 0.65220572 -0.82235029]
 [ 0.76984955  0.00600389]]"
781,1,[0.72941717 0.36431763],"[[0.61318796 0.77775885]
 [0.04265144 0.39994056]]"
782,1,[0.97514513 0.72957428],"[[ 0.73249269 -0.5269502 ]
 [ 0.16978396  0.08415434]]"
783,2,[0.87908125 0.12138476],"[[ 0.78705985 -0.54006475]
 [-0.87437674  0.51223997]]"
784,1,[0.41222482 0.17287393],"[[-0.91546279 -0.80409136]
 [ 0.12989894 -0.63494182]]"
785,1,[0.91823678 0.93970964],"[[ 0.7990414  -0.1206957 ]
 [ 0.48700772 -0.02409222]]"
786,2,[0.10471512 0.39171313],"[[ 0.54933757 -0.39973393]
 [ 0.26114717 -0.41737095]]"
787,1,[0.58508886 0.45872243],"[[ 0.77965217  0.53740302]
 [-0.20178372  0.6327222 ]]"
788,1,[0.41662681 0.71347809],"[[-0.45691624 -0.43701281]
 [ 0.40829472  0.29431616]]"
789,1,[0.38592751 0.80289504],"[[ 0.55256615 -0.27194683]
 [ 0.73669897 -0.10614096]]"
790,1,[0.53272383 0.01569767],"[[ 0.54359161  0.93093434]
 [ 0.21545535 -0.29568647]]"
791,1,[0.87179424 0.61086562],"[[-0.42257312 -0.87936788]
 [-0.96437848  0.07668685]]"
792,2,[0.53567506 0.47629861],"[[-0.04077889  0.7379302 ]
 [-0.38477245 -0.27172208]]"
793,1,[0.00546004 0.73113939],"[[-0.69767601 -0.81570712]
 [-0.43884216 -0.53074163]]"
794,1,[0.59585427 0.177246  ],"[[ 0.03198434 -0.17039979]
 [ 0.67498364  0.31127768]]"
795,1,[0.56770547 0.69860137],"[[0.28730913 0.36984418]
 [0.30844285 0.7387788 ]]"
796,1,[0.25570157 0.28213141],"[[ 0.83725632  0.375004  ]
 [-0.10479646 -0.25507638]]"
797,2,[0.85685078 0.71518293],"[[-0.12013214 -0.99469382]
 [ 0.48195401  0.74642024]]"
798,1,[0.78547863 0.0128366 ],"[[ 0.21239161 -0.82308105]
 [-0.50047307 -0.55258672]]"
799,1,[0.67067752 0.61387537],"[[-0.3540101   0.13682649]
 [-0.68230015 -0.02990181]]"
800,1,[0.47247072 0.65015395],"[[-0.26969019  0.09411108]
 [-0.19010806 -0.93813006]]"
801,1,[0.58702758 0.06857958],"[[-0.64827827 -0.48651358]
 [ 0.29328923  0.7215832 ]]"
802,1,[0.12578593 0.65789256],"[[-0.72659166  0.08993059]
 [ 0.29652883  0.02148386]]"
803,1,[0.31638873 0.12385003],"[[-0.37233687  0.63493916]
 [ 0.51344552 -0.94181686]]"
804,5,[0.27301839 0.61320921],"[[ 0.703194   -0.87088657]
 [ 0.3817177   0.63123315]]"
805,1,[0.66503133 0.7274802 ],"[[ 0.64649221  0.14514735]
 [-0.03372567  0.95464171]]"
806,1,[0.44008598 0.14327475],"[[-0.33111222 -0.25651229]
 [ 0.73945859  0.83801064]]"
807,1,[0.33658044 0.62956486],"[[ 0.02156737 -0.43432482]
 [-0.12924512 -0.72984424]]"
808,1,[0.48616014 0.09649792],"[[-0.70316908 -0.64965829]
 [ 0.31511157  0.85724797]]"
809,7,[0.71354225 0.19760487],"[[-0.73655294  0.74169298]
 [-0.2746419  -0.64737133]]"
810,1,[0.76322551 0.55767941],"[[ 0.20272258 -0.21110509]
 [-0.27392041  0.29522647]]"
811,1,[0.99515892 0.9745857 ],"[[-0.03324509  0.85054728]
 [ 0.30192072 -0.36149119]]"
812,2,[0.89827578 0.45951533],"[[ 0.22471544  0.35468134]
 [-0.8162731   0.2309596 ]]"
813,1,[0.02305371 0.97461809],"[[ 0.9825414   0.99103166]
 [-0.4260044  -0.84968863]]"
814,4,[0.64944736 0.69291046],"[[ 0.44055447 -0.94740709]
 [-0.22348335  0.90588586]]"
815,1,[0.30930025 0.15628745],"[[ 0.42447736  0.69488609]
 [-0.34386032  0.07045552]]"
816,1,[0.39031507 0.25627202],"[[-0.12728556 -0.58102705]
 [-0.03016398 -0.65278195]]"
817,5,[0.84113499 0.32282732],"[[ 0.21474865  0.01234617]
 [-0.94337443  0.57680731]]"
818,1,[0.17093527 0.20100193],"[[ 0.22065096  0.91080076]
 [ 0.81968454 -0.23475418]]"
819,1,[0.87057058 0.20363955],"[[-0.35705088 -0.18577399]
 [-0.30754835 -0.50895277]]"
820,1,[0.44526655 0.01817335],"[[-0.0246666  -0.58133292]
 [-0.7879252  -0.18940305]]"
821,1,[0.43504265 0.69338826],"[[ 0.88742239  0.40424267]
 [-0.27917904  0.16757989]]"
822,1,[0.71281481 0.30676984],"[[ 0.3061819   0.11009417]
 [-0.56580266 -0.47256346]]"
823,1,[0.8976616  0.53070357],"[[-0.12985725  0.59887993]
 [ 0.7580157   0.20877525]]"
824,2,[0.18910522 0.61287286],"[[-0.96571979  0.16568675]
 [ 0.75042672  0.12405877]]"
825,2,[0.25995377 0.44044692],"[[-0.37725052 -0.20211746]
 [ 0.63754138  0.02933047]]"
826,1,[0.51905187 0.2894957 ],"[[-0.34058875  0.24728876]
 [ 0.06397228  0.13033059]]"
827,1,[0.30914835 0.6224151 ],"[[-0.61691525  0.64425484]
 [ 0.11881431 -0.88000003]]"
828,1,[0.12356795 0.26429125],"[[-0.71410908 -0.90620738]
 [-0.39701631  0.0584973 ]]"
829,1,[0.09957624 0.20938093],"[[-0.0099146   0.71091162]
 [-0.17200939  0.38103958]]"
830,1,[0.36133906 0.11990049],"[[ 0.91552392  0.10277634]
 [-0.06014263  0.32424902]]"
831,1,[0.89489025 0.76231925],"[[ 0.92069426 -0.33764595]
 [-0.97472058 -0.50353783]]"
832,1,[0.49175607 0.19041999],"[[-0.64549229 -0.60082761]
 [ 0.64744854 -0.56705366]]"
833,1,[0.871856   0.99720402],"[[0.92274497 0.11944324]
 [0.1144755  0.80257435]]"
834,1,[0.23365107 0.90471475],"[[-0.42598035 -0.0798434 ]
 [-0.61237049  0.56008439]]"
835,1,[0.6559794 0.2155848],"[[-0.60922181  0.15148319]
 [-0.70779433  0.34618922]]"
836,13,[0.38734043 0.07699357],"[[-0.46523408  0.9675693 ]
 [-0.32846689  0.25613991]]"
837,1,[0.75144407 0.90776216],"[[ 0.33658013  0.74504599]
 [-0.42106513  0.99469822]]"
838,4,[0.11109314 0.33527611],"[[ 0.39462798 -0.598087  ]
 [ 0.12044661  0.38932334]]"
839,3,[0.65676836 0.41910259],"[[ 0.05732131  0.71787577]
 [-0.7796231  -0.6082142 ]]"
840,1,[0.5233729  0.98095923],"[[-0.78431668 -0.45842646]
 [-0.19962137 -0.99177441]]"
841,1,[0.14400512 0.91563405],"[[ 0.79772929  0.57665308]
 [-0.34309094  0.24592792]]"
842,1,[0.8238622  0.29034537],"[[ 0.62514681 -0.92400095]
 [-0.76519785  0.18974507]]"
843,1,[0.4169502  0.33683716],"[[0.4372268  0.64793923]
 [0.01277474 0.70223385]]"
844,25,[0.25266409 0.28767797],"[[-0.23012799  0.88294457]
 [-0.1428487   0.13721216]]"
845,1,[0.90580497 0.66601118],"[[ 0.87503775 -0.6288979 ]
 [-0.88323044 -0.29004876]]"
846,4,[0.64006548 0.42861844],"[[-0.44658433  0.95983074]
 [-0.54853382 -0.85854797]]"
847,1,[0.78596223 0.71505563],"[[ 0.27984489 -0.03474732]
 [ 0.63645668  0.671791  ]]"
848,1,[0.61558435 0.64251575],"[[-0.26440658  0.40965812]
 [ 0.23239953  0.38594325]]"
849,1,[0.23824768 0.37854888],"[[ 0.22497332 -0.16447394]
 [-0.89964018 -0.58290293]]"
850,7,[0.63752868 0.02377276],"[[ 0.46675361 -0.52545269]
 [ 0.94472865 -0.6073851 ]]"
851,1,[0.75812316 0.8951978 ],"[[-0.90221924 -0.66759955]
 [ 0.78404705 -0.77672034]]"
852,1,[0.70152223 0.06007899],"[[ 0.95750858 -0.02988214]
 [ 0.17835503 -0.63545128]]"
853,1,[0.31524562 0.91958247],"[[-0.87203918 -0.64927954]
 [ 0.17358409  0.98695799]]"
854,1,[0.38811895 0.87458494],"[[ 0.54584462  0.47005759]
 [-0.32593762  0.4115091 ]]"
855,1,[0.77232627 0.8969166 ],"[[-0.431666    0.27014018]
 [ 0.7446469   0.61286879]]"
856,1,[0.61226431 0.60268006],"[[ 0.14650169  0.18587344]
 [ 0.62569146 -0.10682989]]"
857,1,[0.76490113 0.93248723],"[[-0.95921989 -0.32862869]
 [-0.88724524 -0.22034067]]"
858,1,[0.77277344 0.44285604],"[[ 0.0324022   0.71776777]
 [ 0.44840442 -0.22205464]]"
859,1,[0.43250704 0.31235129],"[[ 0.4425119   0.98024978]
 [-0.37306457 -0.71108732]]"
860,1,[0.80751077 0.91470615],"[[ 0.70917996 -0.19141925]
 [ 0.21577356  0.53415704]]"
861,3,[0.02736445 0.5309263 ],"[[-0.20935667  0.63590702]
 [-0.92718853 -0.21802911]]"
862,1,[0.51840991 0.04666217],"[[-0.3355623   0.86773357]
 [-0.02417489 -0.89346684]]"
863,1,[0.28515982 0.2244061 ],"[[ 0.38067962  0.67792187]
 [-0.26884431  0.1206076 ]]"
864,1,[0.58868526 0.26092389],"[[0.0433535  0.98192656]
 [0.31105557 0.63043099]]"
865,1,[0.73822082 0.28471096],"[[-0.86995346  0.24226768]
 [ 0.61725861 -0.03164161]]"
866,1,[0.28018423 0.48379383],"[[-0.97815772  0.95459343]
 [ 0.39723349  0.29647259]]"
867,1,[0.92788177 0.64324825],"[[-0.33732026 -0.08001304]
 [ 0.91933138  0.73995377]]"
868,1,[0.28232782 0.15738741],"[[-0.67970048 -0.4947836 ]
 [-0.82413065 -0.85120469]]"
869,1,[0.21723143 0.27837445],"[[-0.86810404  0.33450464]
 [-0.01950874 -0.37388414]]"
870,1,[0.37368111 0.5029725 ],"[[-0.43863299 -0.14043726]
 [ 0.88733477  0.26795919]]"
871,1,[0.57347059 0.19534305],"[[-0.5259267   0.75918743]
 [-0.11169792  0.30198707]]"
872,2,[0.82050599 0.04839092],"[[ 0.69371729  0.71145981]
 [-0.95190635 -0.55337693]]"
873,1,[0.60904369 0.93126179],"[[ 0.99956377 -0.42959022]
 [ 0.00269629 -0.7752579 ]]"
874,1,[0.14857859 0.87833209],"[[ 0.79072005 -0.89621282]
 [-0.53589196  0.46116139]]"
875,3,[0.35260723 0.52386457],"[[ 0.67839907  0.74160786]
 [-0.98250405  0.11110845]]"
876,7,[0.65489578 0.62161878],"[[-0.09682479  0.3180507 ]
 [-0.17496976  0.17646245]]"
877,1,[0.20947351 0.8170802 ],"[[-0.1369225  -0.79669918]
 [ 0.52965444 -0.79350653]]"
878,1,[0.54060187 0.98981156],"[[-0.10135024  0.44099762]
 [ 0.19629089 -0.51482276]]"
879,1,[0.91330435 0.17437696],"[[ 0.2068635   0.15726277]
 [-0.70651997 -0.68715517]]"
880,15,[0.08902802 0.55262126],"[[-0.83050656  0.98902847]
 [ 0.39585037 -0.68615479]]"
881,1,[0.52271284 0.1813317 ],"[[-0.27532589  0.74886535]
 [ 0.57504919  0.00174985]]"
882,1,[0.11359675 0.1793008 ],"[[-0.04998426  0.49595202]
 [ 0.04986876  0.19468405]]"
883,1,[0.31961667 0.48657047],"[[-0.1608782  -0.99140992]
 [-0.40594062  0.46690891]]"
884,1,[0.95687804 0.0789044 ],"[[-0.65332755 -0.94113323]
 [-0.48860976  0.64118354]]"
885,1,[0.43584663 0.6386546 ],"[[-0.61085403 -0.26140638]
 [-0.75031111 -0.48552652]]"
886,1,[0.55745561 0.75284297],"[[ 0.00957002 -0.88984119]
 [-0.57979404  0.76226539]]"
887,1,[0.48723728 0.16697769],"[[ 0.25865749  0.13021559]
 [-0.60430477 -0.5932683 ]]"
888,3,[0.51918437 0.82198016],"[[ 0.21735899 -0.67479697]
 [-0.09215559  0.58391435]]"
889,1,[0.51004893 0.27108658],"[[ 0.18006627 -0.37926459]
 [ 0.01749183 -0.9149806 ]]"
890,1,[0.44647389 0.67096741],"[[-0.22266415 -0.52360795]
 [-0.50744737  0.55842001]]"
891,1,[0.56500962 0.95058181],"[[-0.88164159  0.34717493]
 [ 0.0178346  -0.51208419]]"
892,1,[0.93352761 0.83669808],"[[-0.89993756 -0.80653731]
 [ 0.62152913  0.23224507]]"
893,5,[0.37624475 0.357775  ],"[[-0.03214434 -0.87636838]
 [ 0.64128431 -0.11787881]]"
894,4,[0.44165633 0.28497565],"[[-0.18251113 -0.89218713]
 [ 0.69760767 -0.46893811]]"
895,3,[0.248989   0.46314746],"[[ 0.18595024 -0.44266095]
 [ 0.17915264  0.28004979]]"
896,2,[0.06607283 0.02917555],"[[-0.41224699 -0.98084164]
 [ 0.96031208  0.40464883]]"
897,1,[0.0740427  0.52263271],"[[ 0.62300573  0.60590715]
 [ 0.53655591 -0.37474629]]"
898,1,[0.81506408 0.19907431],"[[-0.5361998  -0.53365625]
 [-0.71188052  0.44874352]]"
899,1,[0.66017454 0.57339173],"[[ 0.64046347 -0.07530334]
 [ 0.46104368  0.47408097]]"
900,1,[0.58996242 0.16169522],"[[0.78383385 0.30693788]
 [0.47475382 0.0083506 ]]"
901,1,[0.05718973 0.86258204],"[[-0.51799778 -0.37754234]
 [ 0.18167782 -0.36065854]]"
902,6,[0.113699  0.7809555],"[[ 0.67531719 -0.56998341]
 [ 0.1388969   0.25544718]]"
903,1,[0.53332692 0.9682964 ],"[[ 0.06218904 -0.50683896]
 [ 0.73969595  0.52350488]]"
904,1,[0.45550909 0.5903612 ],"[[ 0.86116607 -0.17194145]
 [-0.81862954 -0.84207604]]"
905,3,[0.67086388 0.30015124],"[[-0.26958938  0.67656061]
 [-0.38514595 -0.3613184 ]]"
906,1,[0.36454978 0.46946015],"[[ 0.37839905  0.95538891]
 [-0.28623748 -0.35653317]]"
907,1,[0.53218236 0.16091512],"[[-0.4538156  -0.96583979]
 [ 0.36692997  0.09904748]]"
908,1,[0.86307685 0.83006275],"[[0.93337727 0.70167291]
 [0.45467014 0.6862995 ]]"
909,1,[0.08635391 0.26895074],"[[-0.50022427  0.83577374]
 [ 0.67343098 -0.94831531]]"
910,1,[0.28606618 0.8565121 ],"[[-0.67229454  0.06904583]
 [-0.21639955 -0.49041014]]"
911,1,[0.62963736 0.39175618],"[[-0.72268905 -0.39878685]
 [-0.05291629  0.61233216]]"
912,1,[0.17990328 0.03271149],"[[-0.64305757  0.98501976]
 [ 0.57020595 -0.94104688]]"
913,1,[0.66194736 0.09757036],"[[ 0.95329191 -0.81010813]
 [ 0.01935977  0.89768453]]"
914,1,[0.27190114 0.64188719],"[[ 0.16685577  0.99877022]
 [ 0.32587108 -0.49221341]]"
915,1,[0.84126221 0.86037174],"[[-0.19879448 -0.58024569]
 [ 0.15019636  0.37395974]]"
916,1,[0.41255724 0.6290525 ],"[[ 0.55538246 -0.55728324]
 [-0.22048062  0.18951362]]"
917,1,[0.95089255 0.79318939],"[[-0.67946248  0.65284747]
 [ 0.89509998 -0.05242566]]"
918,4,[0.01154786 0.4940511 ],"[[ 0.50224765 -0.97861647]
 [ 0.09537165  0.75467987]]"
919,3,[0.89210392 0.90000061],"[[-0.03331125  0.77551948]
 [-0.63159876 -0.49513789]]"
920,4,[0.73840751 0.7737335 ],"[[ 0.54175299 -0.93963454]
 [ 0.5472139   0.56671099]]"
921,3,[0.59717124 0.4841253 ],"[[-0.6423703  -0.99256061]
 [ 0.80033202  0.18016605]]"
922,1,[0.65245951 0.59613322],"[[-0.84293667 -0.76681683]
 [ 0.87730396  0.80320739]]"
923,2,[0.34412767 0.00164519],"[[ 0.00805591 -0.39591699]
 [-0.87360732  0.92344214]]"
924,1,[0.86816413 0.88632126],"[[ 0.65714651 -0.24275618]
 [-0.10916332 -0.84597855]]"
925,1,[0.91951451 0.78039386],"[[-0.68350979 -0.0974184 ]
 [-0.06918321 -0.77102699]]"
926,1,[0.2096245  0.99875708],"[[0.56393676 0.84541287]
 [0.77583736 0.42713474]]"
927,1,[0.75941531 0.46130651],"[[ 0.63905209 -0.30019564]
 [-0.34205049 -0.02623412]]"
928,1,[0.99424523 0.91895767],"[[ 0.96446278 -0.59264237]
 [ 0.4945761  -0.0933437 ]]"
929,1,[0.51433981 0.59836017],"[[0.36244808 0.6919967 ]
 [0.84542658 0.2331333 ]]"
930,1,[0.16179975 0.22619515],"[[ 0.89599905 -0.13661464]
 [ 0.72751713  0.05242851]]"
931,11,[0.28267687 0.50754901],"[[-0.80476779  0.68783045]
 [-0.32007413 -0.2168157 ]]"
932,1,[0.97688168 0.79568622],"[[ 0.19440167 -0.42844413]
 [-0.56360987  0.05207056]]"
933,1,[0.36704993 0.38707835],"[[ 0.42179391  0.13147996]
 [ 0.21145818 -0.47607853]]"
934,1,[0.8982168  0.27913397],"[[0.9612519  0.97327633]
 [0.24556662 0.56177915]]"
935,1,[0.33465853 0.54759858],"[[-0.83140779  0.28547746]
 [-0.04670349  0.15984033]]"
936,6,[0.24212295 0.34476359],"[[-0.1182431   0.398912  ]
 [-0.25872207  0.33728935]]"
937,2,[0.88649949 0.85300832],"[[-0.19849134 -0.16890384]
 [ 0.77948089 -0.2623034 ]]"
938,1,[0.30357527 0.60505504],"[[-0.85573934 -0.18381608]
 [ 0.37694876 -0.7756132 ]]"
939,1,[0.34118184 0.53180424],"[[ 0.16200764 -0.7624846 ]
 [-0.13586146  0.19444127]]"
940,1,[0.70967866 0.5043044 ],"[[-0.22297658 -0.79793481]
 [-0.95459519  0.42845706]]"
941,4,[0.23543388 0.68739442],"[[ 0.55001539  0.62141356]
 [-0.73634761  0.23556303]]"
942,1,[0.87352757 0.16570047],"[[-0.74219635 -0.24806172]
 [-0.15732548  0.47604641]]"
943,1,[0.64255647 0.81032932],"[[ 0.13656147 -0.37401359]
 [-0.35460299  0.02974586]]"
944,1,[0.15243923 0.814499  ],"[[-0.86056955  0.57244423]
 [-0.93144233  0.9052323 ]]"
945,1,[0.73608354 0.42336948],"[[0.39640289 0.67040011]
 [0.23679846 0.1080294 ]]"
946,1,[0.59212701 0.20974605],"[[ 0.18502734  0.28452336]
 [-0.23772614  0.41618027]]"
947,1,[0.09532285 0.91850403],"[[ 0.74096126 -0.18163584]
 [-0.72595549 -0.74699836]]"
948,1,[0.82497992 0.006741  ],"[[ 0.85294342 -0.69077791]
 [ 0.47677766 -0.82858609]]"
949,1,[0.45190523 0.96163954],"[[-0.61568198 -0.77657771]
 [-0.92369198 -0.70269248]]"
950,1,[0.98301821 0.80983926],"[[ 0.29362782 -0.27024525]
 [-0.41535117  0.92887418]]"
951,1,[0.69512214 0.23140194],"[[-0.28141148 -0.49132953]
 [-0.05893891 -0.82425265]]"
952,1,[0.64559972 0.97031299],"[[ 0.0793857  -0.71854805]
 [-0.77547846  0.58861087]]"
953,1,[0.4089602  0.55897732],"[[-0.2077894  -0.20919162]
 [-0.18788898  0.10961019]]"
954,2,[0.01472481 0.4625796 ],"[[ 0.08276897  0.87232279]
 [-0.9781458   0.1518068 ]]"
955,5,[0.60236537 0.86141887],"[[ 0.1576404  -0.61013155]
 [ 0.53964087 -0.31155515]]"
956,1,[0.34005656 0.54740331],"[[ 0.69708053  0.57889424]
 [-0.43671073  0.11123867]]"
957,5,[0.94035791 0.77987835],"[[ 0.46417159  0.01852262]
 [-0.99111213  0.47225168]]"
958,2,[0.27290679 0.05040102],"[[-0.50980565 -0.7669888 ]
 [ 0.92488518  0.47215152]]"
959,19,[0.85984519 0.38747834],"[[-0.55871064  0.51517242]
 [-0.56528954  0.13991779]]"
960,1,[0.26419479 0.8816975 ],"[[ 0.72725635 -0.14587678]
 [ 0.2603896   0.70859038]]"
961,1,[0.71173068 0.83747854],"[[ 0.94782967  0.30981067]
 [-0.43998596  0.31281428]]"
962,1,[0.83689002 0.89588248],"[[-0.33384102  0.221765  ]
 [-0.15572856  0.42138585]]"
963,1,[0.77366122 0.00559761],"[[-0.56278289 -0.55705855]
 [-0.33158133  0.75308447]]"
964,2,[0.8781025  0.48442052],"[[-0.71803624  0.97416683]
 [ 0.28321866 -0.17012253]]"
965,1,[0.71277475 0.47086709],"[[ 0.17694108 -0.26054304]
 [-0.0662461   0.71487984]]"
966,1,[0.19509456 0.06309873],"[[ 0.85164857 -0.27068852]
 [-0.58688471  0.57674777]]"
967,4,[0.66980792 0.68287919],"[[-0.71186152 -0.01005095]
 [ 0.87821983 -0.54092454]]"
968,1,[0.41135592 0.89589923],"[[-0.08361625 -0.65617853]
 [-0.3352465   0.42826503]]"
969,1,[0.16728178 0.09618812],"[[ 0.2896011   0.41246694]
 [ 0.79612128 -0.6141409 ]]"
970,1,[0.18275548 0.51397715],"[[ 0.02684235  0.19202334]
 [ 0.15700905 -0.5455439 ]]"
971,1,[0.16386248 0.4505056 ],"[[-0.95012951 -0.00653696]
 [-0.1634926   0.55261799]]"
972,1,[0.47507701 0.3310708 ],"[[-0.56507746  0.92761233]
 [ 0.52653686  0.99441562]]"
973,1,[0.38812229 0.34157305],"[[-0.30229351  0.97339115]
 [ 0.52122546  0.78632735]]"
974,1,[0.05679416 0.58292712],"[[-0.94365772  0.34860425]
 [ 0.12611396 -0.70920728]]"
975,15,[0.78384083 0.2754828 ],"[[-0.36104312  0.46405739]
 [-0.9879485  -0.24891805]]"
976,1,[0.55133731 0.71619653],"[[-0.21660922  0.88769259]
 [-0.48567843  0.8342461 ]]"
977,1,[0.25895304 0.45483277],"[[ 3.24386810e-01 -2.13364968e-04]
 [-5.17094479e-01 -8.74095343e-01]]"
978,1,[0.83953101 0.99491033],"[[ 0.37204213 -0.00582328]
 [ 0.83756844  0.67641807]]"
979,1,[0.9358695  0.73659317],"[[ 0.76165474  0.55649368]
 [-0.04779863 -0.70152634]]"
980,1,[0.3443764  0.54535755],"[[-0.20372924 -0.18782859]
 [-0.89240507  0.92987981]]"
981,1,[0.80270282 0.56993919],"[[-0.19413893 -0.34395645]
 [-0.67602962 -0.88894784]]"
982,1,[0.20203996 0.0305129 ],"[[ 0.27368071 -0.28289866]
 [-0.01187732 -0.74898427]]"
983,2,[0.16649279 0.05584402],"[[-0.02642501 -0.39554789]
 [ 0.59312919 -0.02620802]]"
984,1,[0.11386628 0.72731798],"[[-0.83432014 -0.09523037]
 [-0.78397919  0.44729915]]"
985,1,[0.33306184 0.06261032],"[[-0.37576138 -0.01751326]
 [ 0.91032105  0.77993371]]"
986,2,[0.66245331 0.7794872 ],"[[ 0.11221224 -0.688524  ]
 [ 0.59116364 -0.03680831]]"
987,1,[0.49474386 0.7028541 ],"[[-0.09634811 -0.23968608]
 [-0.33339558  0.75198278]]"
988,1,[0.11510915 0.42076584],"[[-0.45348711  0.60998956]
 [ 0.93825587 -0.51476197]]"
989,1,[0.99869064 0.54553185],"[[-0.51451673  0.39201341]
 [-0.55562904 -0.19410976]]"
990,2,[0.66555992 0.45098175],"[[ 0.54785478  0.686514  ]
 [-0.84483061 -0.62963919]]"
991,1,[0.5761412 0.0169983],"[[-0.23248837 -0.60351212]
 [-0.41839034  0.33645354]]"
992,1,[0.04681057 0.81414628],"[[ 0.26766436  0.70349672]
 [ 0.76577004 -0.73879665]]"
993,1,[0.14776539 0.5255408 ],"[[ 0.86806488  0.58503545]
 [-0.70460429  0.30626187]]"
994,1,[0.17660209 0.54655185],"[[ 0.66763782  0.51933608]
 [ 0.46386222 -0.03600495]]"
995,9,[0.34977192 0.27193566],"[[-0.42893864  0.62697151]
 [-0.28495577  0.09933269]]"
996,1,[0.42236911 0.96836286],"[[ 0.86787929  0.34844823]
 [-0.66267356 -0.88728725]]"
997,2,[0.83082109 0.60605117],"[[ 0.17053017 -0.87278844]
 [-0.43967779  0.96025792]]"
998,1,[0.58776379 0.54465015],"[[ 0.11186157 -0.66553267]
 [-0.18083726  0.69822237]]"
999,1,[0.15563189 0.77156747],"[[-0.95206531 -0.85249891]
 [-0.78240938 -0.09195694]]"
